0 verbose cli /Users/gauravsahu/.nvm/versions/node/v22.22.0/bin/node /Users/gauravsahu/.nvm/versions/node/v22.22.0/bin/npm
1 info using npm@10.9.4
2 info using node@v22.22.0
3 silly config load:file:/Users/gauravsahu/.nvm/versions/node/v22.22.0/lib/node_modules/npm/npmrc
4 silly config load:file:/Users/gauravsahu/fe_workspace/academics-pro/.npmrc
5 silly config load:file:/Users/gauravsahu/.npmrc
6 silly config load:file:/Users/gauravsahu/.nvm/versions/node/v22.22.0/etc/npmrc
7 verbose title npm install
8 verbose argv "install" "--registry" "https://registry.npmjs.org/"
9 verbose logfile logs-max:10 dir:/Users/gauravsahu/fe_workspace/academics-pro/_logs/2026-10-09T13_18_38_211Z-
10 verbose logfile /Users/gauravsahu/fe_workspace/academics-pro/_logs/2026-10-09T13_18_38_211Z-debug-0.log
11 silly logfile done cleaning log files
12 silly packumentCache heap:4345298944 maxSize:1086324736 maxEntrySize:543162368
13 silly idealTree buildDeps
14 silly fetch manifest clsx@^2.1.1
15 silly packumentCache full:https://registry.npmjs.org/clsx cache-miss
16 http fetch GET 200 https://registry.npmjs.org/clsx 1704ms (cache miss)
17 silly packumentCache full:https://registry.npmjs.org/clsx set size:undefined disposed:false
18 silly fetch manifest lucide-react@^0.475.0
19 silly packumentCache full:https://registry.npmjs.org/lucide-react cache-miss
20 http fetch GET 200 https://registry.npmjs.org/lucide-react 137ms (cache miss)
21 silly packumentCache full:https://registry.npmjs.org/lucide-react set size:undefined disposed:false
22 silly fetch manifest react@^19.0.0
23 silly packumentCache full:https://registry.npmjs.org/react cache-miss
24 http fetch GET 200 https://registry.npmjs.org/react 346ms (cache miss)
25 silly packumentCache full:https://registry.npmjs.org/react set size:undefined disposed:false
26 silly fetch manifest next@^15.1.7
27 silly packumentCache full:https://registry.npmjs.org/next cache-miss
28 http fetch GET 200 https://registry.npmjs.org/next 722ms (cache miss)
29 silly packumentCache full:https://registry.npmjs.org/next set size:undefined disposed:false
30 silly fetch manifest @opentelemetry/api@^1.1.0
31 silly packumentCache full:https://registry.npmjs.org/@opentelemetry%2fapi cache-miss
32 http fetch GET 200 https://registry.npmjs.org/@opentelemetry%2fapi 63ms (cache miss)
33 silly packumentCache full:https://registry.npmjs.org/@opentelemetry%2fapi set size:undefined disposed:false
34 silly fetch manifest @playwright/test@^1.51.1
35 silly packumentCache full:https://registry.npmjs.org/@playwright%2ftest cache-miss
36 http fetch GET 200 https://registry.npmjs.org/@playwright%2ftest 225ms (cache miss)
37 silly packumentCache full:https://registry.npmjs.org/@playwright%2ftest set size:undefined disposed:false
38 silly fetch manifest babel-plugin-react-compiler@*
39 silly packumentCache full:https://registry.npmjs.org/babel-plugin-react-compiler cache-miss
40 http fetch GET 200 https://registry.npmjs.org/babel-plugin-react-compiler 62ms (cache miss)
41 silly packumentCache full:https://registry.npmjs.org/babel-plugin-react-compiler set size:undefined disposed:false
42 silly fetch manifest react-dom@^19.0.0
43 silly packumentCache full:https://registry.npmjs.org/react-dom cache-miss
44 http fetch GET 200 https://registry.npmjs.org/react-dom 274ms (cache miss)
45 silly packumentCache full:https://registry.npmjs.org/react-dom set size:undefined disposed:false
46 silly fetch manifest sass@^1.3.0
47 silly packumentCache full:https://registry.npmjs.org/sass cache-miss
48 http fetch GET 200 https://registry.npmjs.org/sass 84ms (cache miss)
49 silly packumentCache full:https://registry.npmjs.org/sass set size:undefined disposed:false
50 silly fetch manifest react-hook-form@^7.54.2
51 silly packumentCache full:https://registry.npmjs.org/react-hook-form cache-miss
52 http fetch GET 200 https://registry.npmjs.org/react-hook-form 146ms (cache miss)
53 silly packumentCache full:https://registry.npmjs.org/react-hook-form set size:undefined disposed:false
54 silly fetch manifest @types/react@^19.0.10
55 silly packumentCache full:https://registry.npmjs.org/@types%2freact cache-miss
56 http fetch GET 200 https://registry.npmjs.org/@types%2freact 132ms (cache miss)
57 silly packumentCache full:https://registry.npmjs.org/@types%2freact set size:undefined disposed:false
58 silly fetch manifest tailwind-merge@^3.0.1
59 silly packumentCache full:https://registry.npmjs.org/tailwind-merge cache-miss
60 http fetch GET 200 https://registry.npmjs.org/tailwind-merge 90ms (cache miss)
61 silly packumentCache full:https://registry.npmjs.org/tailwind-merge set size:undefined disposed:false
62 silly fetch manifest zod@^3.24.2
63 silly packumentCache full:https://registry.npmjs.org/zod cache-miss
64 http fetch GET 200 https://registry.npmjs.org/zod 129ms (cache miss)
65 silly packumentCache full:https://registry.npmjs.org/zod set size:undefined disposed:false
66 silly fetch manifest @hookform/resolvers@^3.10.0
67 silly packumentCache full:https://registry.npmjs.org/@hookform%2fresolvers cache-miss
68 http fetch GET 200 https://registry.npmjs.org/@hookform%2fresolvers 89ms (cache miss)
69 silly packumentCache full:https://registry.npmjs.org/@hookform%2fresolvers set size:undefined disposed:false
70 silly fetch manifest @types/node@^22.13.4
71 silly packumentCache full:https://registry.npmjs.org/@types%2fnode cache-miss
72 http fetch GET 200 https://registry.npmjs.org/@types%2fnode 288ms (cache miss)
73 silly packumentCache full:https://registry.npmjs.org/@types%2fnode set size:undefined disposed:false
74 silly fetch manifest @types/react-dom@^19.0.4
75 silly packumentCache full:https://registry.npmjs.org/@types%2freact-dom cache-miss
76 http fetch GET 200 https://registry.npmjs.org/@types%2freact-dom 83ms (cache miss)
77 silly packumentCache full:https://registry.npmjs.org/@types%2freact-dom set size:undefined disposed:false
78 silly fetch manifest autoprefixer@^10.4.20
79 silly packumentCache full:https://registry.npmjs.org/autoprefixer cache-miss
80 http fetch GET 200 https://registry.npmjs.org/autoprefixer 73ms (cache miss)
81 silly packumentCache full:https://registry.npmjs.org/autoprefixer set size:undefined disposed:false
82 silly fetch manifest postcss@^8.5.2
83 silly packumentCache full:https://registry.npmjs.org/postcss cache-miss
84 http fetch GET 200 https://registry.npmjs.org/postcss 72ms (cache miss)
85 silly packumentCache full:https://registry.npmjs.org/postcss set size:undefined disposed:false
86 silly fetch manifest tailwindcss@^3.4.17
87 silly packumentCache full:https://registry.npmjs.org/tailwindcss cache-miss
88 http fetch GET 200 https://registry.npmjs.org/tailwindcss 321ms (cache miss)
89 silly packumentCache full:https://registry.npmjs.org/tailwindcss set size:undefined disposed:false
90 silly fetch manifest typescript@^5.7.3
91 silly packumentCache full:https://registry.npmjs.org/typescript cache-miss
92 http fetch GET 200 https://registry.npmjs.org/typescript 351ms (cache miss)
93 silly packumentCache full:https://registry.npmjs.org/typescript set size:undefined disposed:false
94 silly placeDep ROOT @hookform/resolvers@3.10.0 OK for: academics-pro@1.0.0 want: ^3.10.0
95 silly placeDep ROOT react-hook-form@7.89.0 OK for: @hookform/resolvers@3.10.0 want: ^7.0.0
96 silly placeDep ROOT react@19.3.0 OK for: react-hook-form@7.89.0 want: ^16.8.0 || ^17 || ^18 || ^19
97 silly placeDep ROOT @types/node@22.20.5 OK for: academics-pro@1.0.0 want: ^22.13.4
98 silly placeDep ROOT @types/react@19.3.0 OK for: academics-pro@1.0.0 want: ^19.0.10
99 silly placeDep ROOT @types/react-dom@19.3.0 OK for: academics-pro@1.0.0 want: ^19.0.4
100 silly placeDep ROOT autoprefixer@10.6.1 OK for: academics-pro@1.0.0 want: ^10.4.20
101 silly placeDep ROOT postcss@8.5.29 OK for: autoprefixer@10.6.1 want: ^8.1.0
102 silly placeDep ROOT clsx@2.1.1 OK for: academics-pro@1.0.0 want: ^2.1.1
103 silly placeDep ROOT lucide-react@0.475.0 OK for: academics-pro@1.0.0 want: ^0.475.0
104 silly placeDep ROOT next@15.5.27 OK for: academics-pro@1.0.0 want: ^15.1.7
105 silly placeDep ROOT react-dom@19.3.0 OK for: next@15.5.27 want: ^18.2.0 || 19.0.0-rc-de68d2f4-20241204 || ^19.0.0
106 silly placeDep ROOT tailwind-merge@3.7.0 OK for: academics-pro@1.0.0 want: ^3.0.1
107 silly placeDep ROOT tailwindcss@3.4.19 OK for: academics-pro@1.0.0 want: ^3.4.17
108 silly placeDep ROOT typescript@5.9.3 OK for: academics-pro@1.0.0 want: ^5.7.3
109 silly placeDep ROOT zod@3.25.76 OK for: academics-pro@1.0.0 want: ^3.24.2
110 silly fetch manifest undici-types@~6.21.0
111 silly packumentCache full:https://registry.npmjs.org/undici-types cache-miss
112 silly fetch manifest csstype@^3.2.2
113 silly packumentCache full:https://registry.npmjs.org/csstype cache-miss
114 silly fetch manifest picocolors@^1.1.1
115 silly packumentCache full:https://registry.npmjs.org/picocolors cache-miss
116 silly fetch manifest fraction.js@^5.3.4
117 silly packumentCache full:https://registry.npmjs.org/fraction.js cache-miss
118 silly fetch manifest browserslist@^4.28.9
119 silly packumentCache full:https://registry.npmjs.org/browserslist cache-miss
120 silly fetch manifest caniuse-lite@^1.0.30001810
121 silly packumentCache full:https://registry.npmjs.org/caniuse-lite cache-miss
122 silly fetch manifest postcss-value-parser@^4.2.0
123 silly packumentCache full:https://registry.npmjs.org/postcss-value-parser cache-miss
124 silly fetch manifest nanoid@^3.3.19
125 silly packumentCache full:https://registry.npmjs.org/nanoid cache-miss
126 silly fetch manifest picocolors@^1.1.1
127 silly packumentCache full:https://registry.npmjs.org/picocolors cache-miss
128 silly fetch manifest source-map-js@^1.2.2
129 silly packumentCache full:https://registry.npmjs.org/source-map-js cache-miss
130 silly fetch manifest postcss@8.4.31
131 silly packumentCache full:https://registry.npmjs.org/postcss cache-miss
132 http cache https://registry.npmjs.org/postcss 14ms (cache hit)
133 silly packumentCache full:https://registry.npmjs.org/postcss set size:770032 disposed:false
134 silly fetch manifest @next/env@15.5.27
135 silly packumentCache full:https://registry.npmjs.org/@next%2fenv cache-miss
136 http fetch GET 200 https://registry.npmjs.org/undici-types 48ms (cache miss)
137 silly packumentCache full:https://registry.npmjs.org/undici-types set size:undefined disposed:false
138 silly fetch manifest styled-jsx@5.1.6
139 silly packumentCache full:https://registry.npmjs.org/styled-jsx cache-miss
140 http fetch GET 200 https://registry.npmjs.org/styled-jsx 55ms (cache miss)
141 silly packumentCache full:https://registry.npmjs.org/styled-jsx set size:undefined disposed:false
142 silly fetch manifest @swc/helpers@0.5.15
143 silly packumentCache full:https://registry.npmjs.org/@swc%2fhelpers cache-miss
144 http fetch GET 200 https://registry.npmjs.org/picocolors 119ms (cache miss)
145 silly packumentCache full:https://registry.npmjs.org/picocolors set size:undefined disposed:false
146 silly fetch manifest caniuse-lite@^1.0.30001579
147 silly packumentCache full:https://registry.npmjs.org/caniuse-lite cache-miss
148 http fetch GET 200 https://registry.npmjs.org/picocolors 149ms (cache miss)
149 silly packumentCache full:https://registry.npmjs.org/picocolors set size:undefined disposed:false
150 silly fetch manifest sharp@^0.34.3 || ^0.35.4
151 silly packumentCache full:https://registry.npmjs.org/sharp cache-miss
152 http fetch GET 200 https://registry.npmjs.org/browserslist 172ms (cache miss)
153 silly packumentCache full:https://registry.npmjs.org/browserslist set size:undefined disposed:false
154 silly fetch manifest @next/swc-darwin-x64@15.5.27
155 silly packumentCache full:https://registry.npmjs.org/@next%2fswc-darwin-x64 cache-miss
156 http fetch GET 200 https://registry.npmjs.org/source-map-js 193ms (cache miss)
157 silly packumentCache full:https://registry.npmjs.org/source-map-js set size:undefined disposed:false
158 silly fetch manifest @next/swc-darwin-arm64@15.5.27
159 silly packumentCache full:https://registry.npmjs.org/@next%2fswc-darwin-arm64 cache-miss
160 http fetch GET 200 https://registry.npmjs.org/postcss-value-parser 199ms (cache miss)
161 silly packumentCache full:https://registry.npmjs.org/postcss-value-parser set size:undefined disposed:false
162 silly fetch manifest @next/swc-linux-x64-gnu@15.5.27
163 silly packumentCache full:https://registry.npmjs.org/@next%2fswc-linux-x64-gnu cache-miss
164 http fetch GET 200 https://registry.npmjs.org/csstype 201ms (cache miss)
165 silly packumentCache full:https://registry.npmjs.org/csstype set size:undefined disposed:false
166 silly fetch manifest @next/swc-linux-x64-musl@15.5.27
167 silly packumentCache full:https://registry.npmjs.org/@next%2fswc-linux-x64-musl cache-miss
168 http fetch GET 200 https://registry.npmjs.org/nanoid 228ms (cache miss)
169 silly packumentCache full:https://registry.npmjs.org/nanoid set size:undefined disposed:false
170 silly fetch manifest @next/swc-win32-x64-msvc@15.5.27
171 silly packumentCache full:https://registry.npmjs.org/@next%2fswc-win32-x64-msvc cache-miss
172 http fetch GET 200 https://registry.npmjs.org/@swc%2fhelpers 132ms (cache miss)
173 silly packumentCache full:https://registry.npmjs.org/@swc%2fhelpers set size:undefined disposed:false
174 silly fetch manifest @next/swc-linux-arm64-gnu@15.5.27
175 silly packumentCache full:https://registry.npmjs.org/@next%2fswc-linux-arm64-gnu cache-miss
176 http fetch GET 200 https://registry.npmjs.org/sharp 136ms (cache miss)
177 silly packumentCache full:https://registry.npmjs.org/sharp set size:undefined disposed:false
178 silly fetch manifest @next/swc-linux-arm64-musl@15.5.27
179 silly packumentCache full:https://registry.npmjs.org/@next%2fswc-linux-arm64-musl cache-miss
180 http fetch GET 200 https://registry.npmjs.org/caniuse-lite 293ms (cache miss)
181 silly packumentCache full:https://registry.npmjs.org/caniuse-lite set size:undefined disposed:false
182 silly fetch manifest @next/swc-win32-arm64-msvc@15.5.27
183 silly packumentCache full:https://registry.npmjs.org/@next%2fswc-win32-arm64-msvc cache-miss
184 http fetch GET 200 https://registry.npmjs.org/caniuse-lite 182ms (cache miss)
185 silly packumentCache full:https://registry.npmjs.org/caniuse-lite set size:undefined disposed:false
186 silly fetch manifest scheduler@^0.28.0
187 silly packumentCache full:https://registry.npmjs.org/scheduler cache-miss
188 http fetch GET 200 https://registry.npmjs.org/@next%2fenv 422ms (cache miss)
189 silly packumentCache full:https://registry.npmjs.org/@next%2fenv set size:undefined disposed:false
190 silly fetch manifest arg@^5.0.2
191 silly packumentCache full:https://registry.npmjs.org/arg cache-miss
192 http fetch GET 200 https://registry.npmjs.org/@next%2fswc-linux-x64-musl 271ms (cache miss)
193 silly packumentCache full:https://registry.npmjs.org/@next%2fswc-linux-x64-musl set size:undefined disposed:false
194 silly fetch manifest dlv@^1.1.3
195 silly packumentCache full:https://registry.npmjs.org/dlv cache-miss
196 http fetch GET 200 https://registry.npmjs.org/@next%2fswc-linux-x64-gnu 308ms (cache miss)
197 silly packumentCache full:https://registry.npmjs.org/@next%2fswc-linux-x64-gnu set size:undefined disposed:false
198 silly fetch manifest jiti@^1.21.7
199 silly packumentCache full:https://registry.npmjs.org/jiti cache-miss
200 http fetch GET 200 https://registry.npmjs.org/arg 68ms (cache miss)
201 silly packumentCache full:https://registry.npmjs.org/arg set size:undefined disposed:false
202 silly fetch manifest is-glob@^4.0.3
203 silly packumentCache full:https://registry.npmjs.org/is-glob cache-miss
204 http fetch GET 200 https://registry.npmjs.org/dlv 42ms (cache miss)
205 silly packumentCache full:https://registry.npmjs.org/dlv set size:undefined disposed:false
206 silly fetch manifest resolve@^1.22.8
207 silly packumentCache full:https://registry.npmjs.org/resolve cache-miss
208 http fetch GET 200 https://registry.npmjs.org/is-glob 35ms (cache miss)
209 silly packumentCache full:https://registry.npmjs.org/is-glob set size:undefined disposed:false
210 silly fetch manifest sucrase@^3.35.0
211 silly packumentCache full:https://registry.npmjs.org/sucrase cache-miss
212 http fetch GET 200 https://registry.npmjs.org/resolve 51ms (cache miss)
213 silly packumentCache full:https://registry.npmjs.org/resolve set size:undefined disposed:false
214 silly fetch manifest chokidar@^3.6.0
215 silly packumentCache full:https://registry.npmjs.org/chokidar cache-miss
216 http fetch GET 200 https://registry.npmjs.org/jiti 57ms (cache miss)
217 silly packumentCache full:https://registry.npmjs.org/jiti set size:undefined disposed:false
218 silly fetch manifest fast-glob@^3.3.2
219 silly packumentCache full:https://registry.npmjs.org/fast-glob cache-miss
220 http fetch GET 200 https://registry.npmjs.org/fast-glob 46ms (cache miss)
221 silly packumentCache full:https://registry.npmjs.org/fast-glob set size:undefined disposed:false
222 silly fetch manifest lilconfig@^3.1.3
223 silly packumentCache full:https://registry.npmjs.org/lilconfig cache-miss
224 http fetch GET 200 https://registry.npmjs.org/chokidar 61ms (cache miss)
225 silly packumentCache full:https://registry.npmjs.org/chokidar set size:undefined disposed:false
226 silly fetch manifest didyoumean@^1.2.2
227 silly packumentCache full:https://registry.npmjs.org/didyoumean cache-miss
228 http fetch GET 200 https://registry.npmjs.org/lilconfig 44ms (cache miss)
229 silly packumentCache full:https://registry.npmjs.org/lilconfig set size:undefined disposed:false
230 silly fetch manifest micromatch@^4.0.8
231 silly packumentCache full:https://registry.npmjs.org/micromatch cache-miss
232 http fetch GET 200 https://registry.npmjs.org/didyoumean 50ms (cache miss)
233 silly packumentCache full:https://registry.npmjs.org/didyoumean set size:undefined disposed:false
234 silly fetch manifest postcss-js@^4.0.1
235 silly packumentCache full:https://registry.npmjs.org/postcss-js cache-miss
236 http fetch GET 200 https://registry.npmjs.org/@next%2fswc-darwin-x64 519ms (cache miss)
237 silly packumentCache full:https://registry.npmjs.org/@next%2fswc-darwin-x64 set size:undefined disposed:false
238 silly fetch manifest glob-parent@^6.0.2
239 silly packumentCache full:https://registry.npmjs.org/glob-parent cache-miss
240 http fetch GET 200 https://registry.npmjs.org/fraction.js 711ms (cache miss)
241 silly packumentCache full:https://registry.npmjs.org/fraction.js set size:undefined disposed:false
242 silly fetch manifest object-hash@^3.0.0
243 silly packumentCache full:https://registry.npmjs.org/object-hash cache-miss
244 http fetch GET 200 https://registry.npmjs.org/@next%2fswc-linux-arm64-gnu 489ms (cache miss)
245 silly packumentCache full:https://registry.npmjs.org/@next%2fswc-linux-arm64-gnu set size:undefined disposed:false
246 silly fetch manifest normalize-path@^3.0.0
247 silly packumentCache full:https://registry.npmjs.org/normalize-path cache-miss
248 http fetch GET 200 https://registry.npmjs.org/micromatch 72ms (cache miss)
249 silly packumentCache full:https://registry.npmjs.org/micromatch set size:undefined disposed:false
250 silly fetch manifest postcss-import@^15.1.0
251 silly packumentCache full:https://registry.npmjs.org/postcss-import cache-miss
252 http fetch GET 200 https://registry.npmjs.org/glob-parent 47ms (cache miss)
253 silly packumentCache full:https://registry.npmjs.org/glob-parent set size:undefined disposed:false
254 silly fetch manifest postcss-nested@^6.2.0
255 silly packumentCache full:https://registry.npmjs.org/postcss-nested cache-miss
256 http fetch GET 200 https://registry.npmjs.org/postcss-js 64ms (cache miss)
257 silly packumentCache full:https://registry.npmjs.org/postcss-js set size:undefined disposed:false
258 silly fetch manifest @alloc/quick-lru@^5.2.0
259 silly packumentCache full:https://registry.npmjs.org/@alloc%2fquick-lru cache-miss
260 http fetch GET 200 https://registry.npmjs.org/postcss-import 47ms (cache miss)
261 silly packumentCache full:https://registry.npmjs.org/postcss-import set size:undefined disposed:false
262 silly fetch manifest postcss-load-config@^4.0.2 || ^5.0 || ^6.0
263 silly packumentCache full:https://registry.npmjs.org/postcss-load-config cache-miss
264 http fetch GET 200 https://registry.npmjs.org/object-hash 90ms (cache miss)
265 silly packumentCache full:https://registry.npmjs.org/object-hash set size:undefined disposed:false
266 silly fetch manifest postcss-selector-parser@^6.1.2
267 silly packumentCache full:https://registry.npmjs.org/postcss-selector-parser cache-miss
268 http fetch GET 200 https://registry.npmjs.org/normalize-path 57ms (cache miss)
269 silly packumentCache full:https://registry.npmjs.org/normalize-path set size:undefined disposed:false
270 http fetch GET 200 https://registry.npmjs.org/@next%2fswc-win32-arm64-msvc 514ms (cache miss)
271 silly packumentCache full:https://registry.npmjs.org/@next%2fswc-win32-arm64-msvc set size:undefined disposed:false
272 http fetch GET 200 https://registry.npmjs.org/@alloc%2fquick-lru 72ms (cache miss)
273 silly packumentCache full:https://registry.npmjs.org/@alloc%2fquick-lru set size:undefined disposed:false
274 http fetch GET 200 https://registry.npmjs.org/@next%2fswc-darwin-arm64 637ms (cache miss)
275 silly packumentCache full:https://registry.npmjs.org/@next%2fswc-darwin-arm64 set size:undefined disposed:false
276 http fetch GET 200 https://registry.npmjs.org/postcss-selector-parser 45ms (cache miss)
277 silly packumentCache full:https://registry.npmjs.org/postcss-selector-parser set size:undefined disposed:false
278 http fetch GET 200 https://registry.npmjs.org/sucrase 316ms (cache miss)
279 silly packumentCache full:https://registry.npmjs.org/sucrase set size:undefined disposed:false
280 http fetch GET 200 https://registry.npmjs.org/postcss-nested 333ms (cache miss)
281 silly packumentCache full:https://registry.npmjs.org/postcss-nested set size:undefined disposed:false
282 http fetch GET 200 https://registry.npmjs.org/postcss-load-config 297ms (cache miss)
283 silly packumentCache full:https://registry.npmjs.org/postcss-load-config set size:undefined disposed:false
284 http fetch GET 200 https://registry.npmjs.org/@next%2fswc-linux-arm64-musl 854ms (cache miss)
285 silly packumentCache full:https://registry.npmjs.org/@next%2fswc-linux-arm64-musl set size:undefined disposed:false
286 http fetch GET 200 https://registry.npmjs.org/@next%2fswc-win32-x64-msvc 1548ms (cache miss)
287 silly packumentCache full:https://registry.npmjs.org/@next%2fswc-win32-x64-msvc set size:undefined disposed:false
288 http fetch GET 200 https://registry.npmjs.org/scheduler 1620ms (cache miss)
289 silly packumentCache full:https://registry.npmjs.org/scheduler set size:undefined disposed:false
290 silly placeDep ROOT undici-types@6.21.0 OK for: @types/node@22.20.5 want: ~6.21.0
291 silly placeDep ROOT csstype@3.2.3 OK for: @types/react@19.3.0 want: ^3.2.2
292 silly placeDep ROOT browserslist@4.29.3 OK for: autoprefixer@10.6.1 want: ^4.28.9
293 silly placeDep ROOT caniuse-lite@1.0.30001815 OK for: autoprefixer@10.6.1 want: ^1.0.30001810
294 silly placeDep ROOT fraction.js@5.3.4 OK for: autoprefixer@10.6.1 want: ^5.3.4
295 silly placeDep ROOT picocolors@1.1.1 OK for: autoprefixer@10.6.1 want: ^1.1.1
296 silly placeDep ROOT postcss-value-parser@4.2.0 OK for: autoprefixer@10.6.1 want: ^4.2.0
297 silly fetch manifest caniuse-lite@^1.0.30001813
298 silly packumentCache full:https://registry.npmjs.org/caniuse-lite cache-miss
299 silly fetch manifest node-releases@^2.0.57
300 silly packumentCache full:https://registry.npmjs.org/node-releases cache-miss
301 silly fetch manifest electron-to-chromium@^1.5.439
302 silly packumentCache full:https://registry.npmjs.org/electron-to-chromium cache-miss
303 silly fetch manifest update-browserslist-db@^1.3.3
304 silly packumentCache full:https://registry.npmjs.org/update-browserslist-db cache-miss
305 silly fetch manifest baseline-browser-mapping@^2.11.26
306 silly packumentCache full:https://registry.npmjs.org/baseline-browser-mapping cache-miss
307 http cache https://registry.npmjs.org/caniuse-lite 7ms (cache hit)
308 silly packumentCache full:https://registry.npmjs.org/caniuse-lite set size:2321958 disposed:false
309 http fetch GET 200 https://registry.npmjs.org/update-browserslist-db 47ms (cache miss)
310 silly packumentCache full:https://registry.npmjs.org/update-browserslist-db set size:undefined disposed:false
311 http fetch GET 200 https://registry.npmjs.org/baseline-browser-mapping 57ms (cache miss)
312 silly packumentCache full:https://registry.npmjs.org/baseline-browser-mapping set size:undefined disposed:false
313 http fetch GET 200 https://registry.npmjs.org/node-releases 126ms (cache miss)
314 silly packumentCache full:https://registry.npmjs.org/node-releases set size:undefined disposed:false
315 http fetch GET 200 https://registry.npmjs.org/electron-to-chromium 128ms (cache miss)
316 silly packumentCache full:https://registry.npmjs.org/electron-to-chromium set size:undefined disposed:false
317 silly fetch manifest browserslist@>= 4.21.0
318 silly packumentCache full:https://registry.npmjs.org/browserslist cache-miss
319 http cache https://registry.npmjs.org/browserslist 2ms (cache hit)
320 silly packumentCache full:https://registry.npmjs.org/browserslist set size:530436 disposed:false
321 silly placeDep ROOT baseline-browser-mapping@2.11.28 OK for: browserslist@4.29.3 want: ^2.11.26
322 silly placeDep ROOT electron-to-chromium@1.5.452 OK for: browserslist@4.29.3 want: ^1.5.439
323 silly placeDep ROOT node-releases@2.0.58 OK for: browserslist@4.29.3 want: ^2.0.57
324 silly placeDep ROOT update-browserslist-db@1.3.4 OK for: browserslist@4.29.3 want: ^1.3.3
325 silly fetch manifest escalade@^3.2.0
326 silly packumentCache full:https://registry.npmjs.org/escalade cache-miss
327 http fetch GET 200 https://registry.npmjs.org/escalade 36ms (cache miss)
328 silly packumentCache full:https://registry.npmjs.org/escalade set size:undefined disposed:false
329 silly fetch manifest react@^18.2.0 || 19.0.0-rc-de68d2f4-20241204 || ^19.0.0
330 silly packumentCache full:https://registry.npmjs.org/react cache-miss
331 http cache https://registry.npmjs.org/react 9ms (cache hit)
332 silly packumentCache full:https://registry.npmjs.org/react set size:7030932 disposed:false
333 silly placeDep ROOT @next/env@15.5.27 OK for: next@15.5.27 want: 15.5.27
334 silly placeDep ROOT @next/swc-darwin-arm64@15.5.27 OK for: next@15.5.27 want: 15.5.27
335 silly placeDep ROOT @next/swc-darwin-x64@15.5.27 OK for: next@15.5.27 want: 15.5.27
336 silly placeDep ROOT @next/swc-linux-arm64-gnu@15.5.27 OK for: next@15.5.27 want: 15.5.27
337 silly placeDep ROOT @next/swc-linux-arm64-musl@15.5.27 OK for: next@15.5.27 want: 15.5.27
338 silly placeDep ROOT @next/swc-linux-x64-gnu@15.5.27 OK for: next@15.5.27 want: 15.5.27
339 silly placeDep ROOT @next/swc-linux-x64-musl@15.5.27 OK for: next@15.5.27 want: 15.5.27
340 silly placeDep ROOT @next/swc-win32-arm64-msvc@15.5.27 OK for: next@15.5.27 want: 15.5.27
341 silly placeDep ROOT @next/swc-win32-x64-msvc@15.5.27 OK for: next@15.5.27 want: 15.5.27
342 silly placeDep ROOT @swc/helpers@0.5.15 OK for: next@15.5.27 want: 0.5.15
343 silly placeDep node_modules/next postcss@8.4.31 OK for: next@15.5.27 want: 8.4.31
344 silly placeDep ROOT sharp@0.35.5 OK for: next@15.5.27 want: ^0.34.3 || ^0.35.4
345 silly placeDep ROOT styled-jsx@5.1.6 OK for: next@15.5.27 want: 5.1.6
346 silly fetch manifest tslib@^2.8.0
347 silly packumentCache full:https://registry.npmjs.org/tslib cache-miss
348 silly fetch manifest nanoid@^3.3.6
349 silly packumentCache full:https://registry.npmjs.org/nanoid cache-miss
350 silly fetch manifest source-map-js@^1.0.2
351 silly packumentCache full:https://registry.npmjs.org/source-map-js cache-miss
352 silly fetch manifest semver@^7.8.5
353 silly packumentCache full:https://registry.npmjs.org/semver cache-miss
354 silly fetch manifest @img/colour@^1.1.0
355 silly packumentCache full:https://registry.npmjs.org/@img%2fcolour cache-miss
356 silly fetch manifest detect-libc@^2.1.2
357 silly packumentCache full:https://registry.npmjs.org/detect-libc cache-miss
358 silly fetch manifest @img/sharp-linux-arm@0.35.5
359 silly packumentCache full:https://registry.npmjs.org/@img%2fsharp-linux-arm cache-miss
360 silly fetch manifest @img/sharp-linux-x64@0.35.5
361 silly packumentCache full:https://registry.npmjs.org/@img%2fsharp-linux-x64 cache-miss
362 silly fetch manifest @img/sharp-win32-x64@0.35.5
363 silly packumentCache full:https://registry.npmjs.org/@img%2fsharp-win32-x64 cache-miss
364 silly fetch manifest @img/sharp-darwin-x64@0.35.5
365 silly packumentCache full:https://registry.npmjs.org/@img%2fsharp-darwin-x64 cache-miss
366 silly fetch manifest @img/sharp-win32-ia32@0.35.5
367 silly packumentCache full:https://registry.npmjs.org/@img%2fsharp-win32-ia32 cache-miss
368 http cache https://registry.npmjs.org/source-map-js 4ms (cache hit)
369 silly packumentCache full:https://registry.npmjs.org/source-map-js set size:66688 disposed:false
370 silly fetch manifest @img/sharp-linux-arm64@0.35.5
371 silly packumentCache full:https://registry.npmjs.org/@img%2fsharp-linux-arm64 cache-miss
372 http cache https://registry.npmjs.org/nanoid 5ms (cache hit)
373 silly packumentCache full:https://registry.npmjs.org/nanoid set size:352791 disposed:false
374 silly fetch manifest @img/sharp-linux-ppc64@0.35.5
375 silly packumentCache full:https://registry.npmjs.org/@img%2fsharp-linux-ppc64 cache-miss
376 http fetch GET 200 https://registry.npmjs.org/detect-libc 31ms (cache miss)
377 silly packumentCache full:https://registry.npmjs.org/detect-libc set size:undefined disposed:false
378 silly fetch manifest @img/sharp-linux-s390x@0.35.5
379 silly packumentCache full:https://registry.npmjs.org/@img%2fsharp-linux-s390x cache-miss
380 http fetch GET 200 https://registry.npmjs.org/@img%2fcolour 42ms (cache miss)
381 silly packumentCache full:https://registry.npmjs.org/@img%2fcolour set size:undefined disposed:false
382 silly fetch manifest @img/sharp-win32-arm64@0.35.5
383 silly packumentCache full:https://registry.npmjs.org/@img%2fsharp-win32-arm64 cache-miss
384 http fetch GET 200 https://registry.npmjs.org/@img%2fsharp-linux-arm64 50ms (cache miss)
385 silly packumentCache full:https://registry.npmjs.org/@img%2fsharp-linux-arm64 set size:undefined disposed:false
386 silly fetch manifest @img/sharp-darwin-arm64@0.35.5
387 silly packumentCache full:https://registry.npmjs.org/@img%2fsharp-darwin-arm64 cache-miss
388 http fetch GET 200 https://registry.npmjs.org/@img%2fsharp-darwin-x64 58ms (cache miss)
389 silly packumentCache full:https://registry.npmjs.org/@img%2fsharp-darwin-x64 set size:undefined disposed:false
390 silly fetch manifest @img/sharp-linux-riscv64@0.35.5
391 silly packumentCache full:https://registry.npmjs.org/@img%2fsharp-linux-riscv64 cache-miss
392 http fetch GET 200 https://registry.npmjs.org/tslib 58ms (cache miss)
393 silly packumentCache full:https://registry.npmjs.org/tslib set size:undefined disposed:false
394 silly fetch manifest @img/sharp-linuxmusl-x64@0.35.5
395 silly packumentCache full:https://registry.npmjs.org/@img%2fsharp-linuxmusl-x64 cache-miss
396 http fetch GET 200 https://registry.npmjs.org/@img%2fsharp-linux-ppc64 58ms (cache miss)
397 silly packumentCache full:https://registry.npmjs.org/@img%2fsharp-linux-ppc64 set size:undefined disposed:false
398 silly fetch manifest @img/sharp-freebsd-wasm32@0.35.5
399 silly packumentCache full:https://registry.npmjs.org/@img%2fsharp-freebsd-wasm32 cache-miss
400 http fetch GET 200 https://registry.npmjs.org/@img%2fsharp-win32-x64 66ms (cache miss)
401 silly packumentCache full:https://registry.npmjs.org/@img%2fsharp-win32-x64 set size:undefined disposed:false
402 silly fetch manifest @img/sharp-linuxmusl-arm64@0.35.5
403 silly packumentCache full:https://registry.npmjs.org/@img%2fsharp-linuxmusl-arm64 cache-miss
404 http fetch GET 200 https://registry.npmjs.org/semver 72ms (cache miss)
405 silly packumentCache full:https://registry.npmjs.org/semver set size:undefined disposed:false
406 silly fetch manifest @img/sharp-libvips-linux-arm@1.3.4
407 silly packumentCache full:https://registry.npmjs.org/@img%2fsharp-libvips-linux-arm cache-miss
408 http fetch GET 200 https://registry.npmjs.org/@img%2fsharp-linux-s390x 58ms (cache miss)
409 silly packumentCache full:https://registry.npmjs.org/@img%2fsharp-linux-s390x set size:undefined disposed:false
410 silly fetch manifest @img/sharp-libvips-linux-x64@1.3.4
411 silly packumentCache full:https://registry.npmjs.org/@img%2fsharp-libvips-linux-x64 cache-miss
412 http fetch GET 200 https://registry.npmjs.org/@img%2fsharp-linux-riscv64 39ms (cache miss)
413 silly packumentCache full:https://registry.npmjs.org/@img%2fsharp-linux-riscv64 set size:undefined disposed:false
414 silly fetch manifest @img/sharp-libvips-darwin-x64@1.3.4
415 silly packumentCache full:https://registry.npmjs.org/@img%2fsharp-libvips-darwin-x64 cache-miss
416 http fetch GET 200 https://registry.npmjs.org/@img%2fsharp-darwin-arm64 46ms (cache miss)
417 silly packumentCache full:https://registry.npmjs.org/@img%2fsharp-darwin-arm64 set size:undefined disposed:false
418 silly fetch manifest @img/sharp-libvips-linux-arm64@1.3.4
419 silly packumentCache full:https://registry.npmjs.org/@img%2fsharp-libvips-linux-arm64 cache-miss
420 http fetch GET 200 https://registry.npmjs.org/@img%2fsharp-linuxmusl-x64 45ms (cache miss)
421 silly packumentCache full:https://registry.npmjs.org/@img%2fsharp-linuxmusl-x64 set size:undefined disposed:false
422 silly fetch manifest @img/sharp-libvips-linux-ppc64@1.3.4
423 silly packumentCache full:https://registry.npmjs.org/@img%2fsharp-libvips-linux-ppc64 cache-miss
424 http fetch GET 200 https://registry.npmjs.org/@img%2fsharp-freebsd-wasm32 62ms (cache miss)
425 silly packumentCache full:https://registry.npmjs.org/@img%2fsharp-freebsd-wasm32 set size:undefined disposed:false
426 silly fetch manifest @img/sharp-libvips-linux-s390x@1.3.4
427 silly packumentCache full:https://registry.npmjs.org/@img%2fsharp-libvips-linux-s390x cache-miss
428 http fetch GET 200 https://registry.npmjs.org/@img%2fsharp-libvips-linux-ppc64 40ms (cache miss)
429 silly packumentCache full:https://registry.npmjs.org/@img%2fsharp-libvips-linux-ppc64 set size:undefined disposed:false
430 silly fetch manifest @img/sharp-libvips-darwin-arm64@1.3.4
431 silly packumentCache full:https://registry.npmjs.org/@img%2fsharp-libvips-darwin-arm64 cache-miss
432 http fetch GET 200 https://registry.npmjs.org/@img%2fsharp-libvips-linux-x64 63ms (cache miss)
433 silly packumentCache full:https://registry.npmjs.org/@img%2fsharp-libvips-linux-x64 set size:undefined disposed:false
434 silly fetch manifest @img/sharp-webcontainers-wasm32@0.35.5
435 silly packumentCache full:https://registry.npmjs.org/@img%2fsharp-webcontainers-wasm32 cache-miss
436 http fetch GET 200 https://registry.npmjs.org/@img%2fsharp-libvips-darwin-x64 56ms (cache miss)
437 silly packumentCache full:https://registry.npmjs.org/@img%2fsharp-libvips-darwin-x64 set size:undefined disposed:false
438 silly fetch manifest @img/sharp-libvips-linux-riscv64@1.3.4
439 silly packumentCache full:https://registry.npmjs.org/@img%2fsharp-libvips-linux-riscv64 cache-miss
440 http fetch GET 200 https://registry.npmjs.org/@img%2fsharp-libvips-linux-s390x 56ms (cache miss)
441 silly packumentCache full:https://registry.npmjs.org/@img%2fsharp-libvips-linux-s390x set size:undefined disposed:false
442 silly fetch manifest @img/sharp-libvips-linuxmusl-x64@1.3.4
443 silly packumentCache full:https://registry.npmjs.org/@img%2fsharp-libvips-linuxmusl-x64 cache-miss
444 http fetch GET 200 https://registry.npmjs.org/@img%2fsharp-libvips-darwin-arm64 46ms (cache miss)
445 silly packumentCache full:https://registry.npmjs.org/@img%2fsharp-libvips-darwin-arm64 set size:undefined disposed:false
446 silly fetch manifest @img/sharp-libvips-linuxmusl-arm64@1.3.4
447 silly packumentCache full:https://registry.npmjs.org/@img%2fsharp-libvips-linuxmusl-arm64 cache-miss
448 http fetch GET 200 https://registry.npmjs.org/@img%2fsharp-webcontainers-wasm32 41ms (cache miss)
449 silly packumentCache full:https://registry.npmjs.org/@img%2fsharp-webcontainers-wasm32 set size:undefined disposed:false
450 silly fetch manifest client-only@0.0.1
451 silly packumentCache full:https://registry.npmjs.org/client-only cache-miss
452 http fetch GET 200 https://registry.npmjs.org/@img%2fsharp-libvips-linux-riscv64 41ms (cache miss)
453 silly packumentCache full:https://registry.npmjs.org/@img%2fsharp-libvips-linux-riscv64 set size:undefined disposed:false
454 http fetch GET 200 https://registry.npmjs.org/client-only 37ms (cache miss)
455 silly packumentCache full:https://registry.npmjs.org/client-only set size:undefined disposed:false
456 http fetch GET 200 https://registry.npmjs.org/@img%2fsharp-libvips-linuxmusl-x64 60ms (cache miss)
457 silly packumentCache full:https://registry.npmjs.org/@img%2fsharp-libvips-linuxmusl-x64 set size:undefined disposed:false
458 http fetch GET 200 https://registry.npmjs.org/@img%2fsharp-win32-ia32 324ms (cache miss)
459 silly packumentCache full:https://registry.npmjs.org/@img%2fsharp-win32-ia32 set size:undefined disposed:false
460 http fetch GET 200 https://registry.npmjs.org/@img%2fsharp-linux-x64 330ms (cache miss)
461 silly packumentCache full:https://registry.npmjs.org/@img%2fsharp-linux-x64 set size:undefined disposed:false
462 http fetch GET 200 https://registry.npmjs.org/@img%2fsharp-libvips-linux-arm64 317ms (cache miss)
463 silly packumentCache full:https://registry.npmjs.org/@img%2fsharp-libvips-linux-arm64 set size:undefined disposed:false
464 http fetch GET 200 https://registry.npmjs.org/@img%2fsharp-libvips-linux-arm 370ms (cache miss)
465 silly packumentCache full:https://registry.npmjs.org/@img%2fsharp-libvips-linux-arm set size:undefined disposed:false
466 http fetch GET 200 https://registry.npmjs.org/@img%2fsharp-libvips-linuxmusl-arm64 334ms (cache miss)
467 silly packumentCache full:https://registry.npmjs.org/@img%2fsharp-libvips-linuxmusl-arm64 set size:undefined disposed:false
468 http fetch GET 200 https://registry.npmjs.org/@img%2fsharp-linux-arm 595ms (cache miss)
469 silly packumentCache full:https://registry.npmjs.org/@img%2fsharp-linux-arm set size:undefined disposed:false
470 http fetch GET 200 https://registry.npmjs.org/@img%2fsharp-win32-arm64 558ms (cache miss)
471 silly packumentCache full:https://registry.npmjs.org/@img%2fsharp-win32-arm64 set size:undefined disposed:false
472 http fetch GET 200 https://registry.npmjs.org/@img%2fsharp-linuxmusl-arm64 718ms (cache miss)
473 silly packumentCache full:https://registry.npmjs.org/@img%2fsharp-linuxmusl-arm64 set size:undefined disposed:false
474 silly placeDep ROOT tslib@2.8.1 OK for: @swc/helpers@0.5.15 want: ^2.8.0
475 silly placeDep ROOT nanoid@3.3.20 OK for: postcss@8.5.29 want: ^3.3.19
476 silly placeDep ROOT source-map-js@1.2.2 OK for: postcss@8.5.29 want: ^1.2.2
477 silly placeDep ROOT scheduler@0.28.0 OK for: react-dom@19.3.0 want: ^0.28.0
478 silly placeDep ROOT @img/colour@1.1.0 OK for: sharp@0.35.5 want: ^1.1.0
479 silly placeDep ROOT @img/sharp-darwin-arm64@0.35.5 OK for: sharp@0.35.5 want: 0.35.5
480 silly placeDep ROOT @img/sharp-darwin-x64@0.35.5 OK for: sharp@0.35.5 want: 0.35.5
481 silly placeDep ROOT @img/sharp-freebsd-wasm32@0.35.5 OK for: sharp@0.35.5 want: 0.35.5
482 silly placeDep ROOT @img/sharp-libvips-darwin-arm64@1.3.4 OK for: sharp@0.35.5 want: 1.3.4
483 silly placeDep ROOT @img/sharp-libvips-darwin-x64@1.3.4 OK for: sharp@0.35.5 want: 1.3.4
484 silly placeDep ROOT @img/sharp-libvips-linux-arm@1.3.4 OK for: sharp@0.35.5 want: 1.3.4
485 silly placeDep ROOT @img/sharp-libvips-linux-arm64@1.3.4 OK for: sharp@0.35.5 want: 1.3.4
486 silly placeDep ROOT @img/sharp-libvips-linux-ppc64@1.3.4 OK for: sharp@0.35.5 want: 1.3.4
487 silly placeDep ROOT @img/sharp-libvips-linux-riscv64@1.3.4 OK for: sharp@0.35.5 want: 1.3.4
488 silly placeDep ROOT @img/sharp-libvips-linux-s390x@1.3.4 OK for: sharp@0.35.5 want: 1.3.4
489 silly placeDep ROOT @img/sharp-libvips-linux-x64@1.3.4 OK for: sharp@0.35.5 want: 1.3.4
490 silly placeDep ROOT @img/sharp-libvips-linuxmusl-arm64@1.3.4 OK for: sharp@0.35.5 want: 1.3.4
491 silly placeDep ROOT @img/sharp-libvips-linuxmusl-x64@1.3.4 OK for: sharp@0.35.5 want: 1.3.4
492 silly placeDep ROOT @img/sharp-linux-arm@0.35.5 OK for: sharp@0.35.5 want: 0.35.5
493 silly placeDep ROOT @img/sharp-linux-arm64@0.35.5 OK for: sharp@0.35.5 want: 0.35.5
494 silly placeDep ROOT @img/sharp-linux-ppc64@0.35.5 OK for: sharp@0.35.5 want: 0.35.5
495 silly placeDep ROOT @img/sharp-linux-riscv64@0.35.5 OK for: sharp@0.35.5 want: 0.35.5
496 silly placeDep ROOT @img/sharp-linux-s390x@0.35.5 OK for: sharp@0.35.5 want: 0.35.5
497 silly placeDep ROOT @img/sharp-linux-x64@0.35.5 OK for: sharp@0.35.5 want: 0.35.5
498 silly placeDep ROOT @img/sharp-linuxmusl-arm64@0.35.5 OK for: sharp@0.35.5 want: 0.35.5
499 silly placeDep ROOT @img/sharp-linuxmusl-x64@0.35.5 OK for: sharp@0.35.5 want: 0.35.5
500 silly placeDep ROOT @img/sharp-webcontainers-wasm32@0.35.5 OK for: sharp@0.35.5 want: 0.35.5
501 silly placeDep ROOT @img/sharp-win32-arm64@0.35.5 OK for: sharp@0.35.5 want: 0.35.5
502 silly placeDep ROOT @img/sharp-win32-ia32@0.35.5 OK for: sharp@0.35.5 want: 0.35.5
503 silly placeDep ROOT @img/sharp-win32-x64@0.35.5 OK for: sharp@0.35.5 want: 0.35.5
504 silly placeDep ROOT detect-libc@2.1.2 OK for: sharp@0.35.5 want: ^2.1.2
505 silly placeDep ROOT semver@7.8.5 OK for: sharp@0.35.5 want: ^7.8.5
506 silly fetch manifest @img/sharp-wasm32@0.35.5
507 silly packumentCache full:https://registry.npmjs.org/@img%2fsharp-wasm32 cache-miss
508 silly fetch manifest @img/sharp-wasm32@0.35.5
509 silly packumentCache full:https://registry.npmjs.org/@img%2fsharp-wasm32 cache-miss
510 http fetch GET 200 https://registry.npmjs.org/@img%2fsharp-wasm32 47ms (cache miss)
511 silly packumentCache full:https://registry.npmjs.org/@img%2fsharp-wasm32 set size:undefined disposed:false
512 http fetch GET 200 https://registry.npmjs.org/@img%2fsharp-wasm32 59ms (cache miss)
513 silly packumentCache full:https://registry.npmjs.org/@img%2fsharp-wasm32 set size:undefined disposed:false
514 silly placeDep ROOT @img/sharp-wasm32@0.35.5 OK for: @img/sharp-freebsd-wasm32@0.35.5 want: 0.35.5
515 silly fetch manifest @emnapi/runtime@^1.11.3
516 silly packumentCache full:https://registry.npmjs.org/@emnapi%2fruntime cache-miss
517 http fetch GET 200 https://registry.npmjs.org/@emnapi%2fruntime 79ms (cache miss)
518 silly packumentCache full:https://registry.npmjs.org/@emnapi%2fruntime set size:undefined disposed:false
519 silly placeDep ROOT @emnapi/runtime@1.11.3 OK for: @img/sharp-wasm32@0.35.5 want: ^1.11.3
520 silly placeDep ROOT client-only@0.0.1 OK for: styled-jsx@5.1.6 want: 0.0.1
521 silly fetch manifest postcss@^8.4.47
522 silly packumentCache full:https://registry.npmjs.org/postcss cache-hit
523 silly fetch manifest tsx@^4.8.1
524 silly packumentCache full:https://registry.npmjs.org/tsx cache-miss
525 http fetch GET 200 https://registry.npmjs.org/tsx 57ms (cache miss)
526 silly packumentCache full:https://registry.npmjs.org/tsx set size:undefined disposed:false
527 silly fetch manifest yaml@^2.4.2
528 silly packumentCache full:https://registry.npmjs.org/yaml cache-miss
529 http fetch GET 200 https://registry.npmjs.org/yaml 53ms (cache miss)
530 silly packumentCache full:https://registry.npmjs.org/yaml set size:undefined disposed:false
531 silly placeDep ROOT @alloc/quick-lru@5.3.0 OK for: tailwindcss@3.4.19 want: ^5.2.0
532 silly placeDep ROOT arg@5.0.2 OK for: tailwindcss@3.4.19 want: ^5.0.2
533 silly placeDep ROOT chokidar@3.6.0 OK for: tailwindcss@3.4.19 want: ^3.6.0
534 silly placeDep ROOT didyoumean@1.2.2 OK for: tailwindcss@3.4.19 want: ^1.2.2
535 silly placeDep ROOT dlv@1.1.3 OK for: tailwindcss@3.4.19 want: ^1.1.3
536 silly placeDep ROOT fast-glob@3.3.3 OK for: tailwindcss@3.4.19 want: ^3.3.2
537 silly placeDep ROOT glob-parent@6.0.2 OK for: tailwindcss@3.4.19 want: ^6.0.2
538 silly placeDep ROOT is-glob@4.0.3 OK for: tailwindcss@3.4.19 want: ^4.0.3
539 silly placeDep ROOT jiti@1.21.7 OK for: tailwindcss@3.4.19 want: ^1.21.7
540 silly placeDep ROOT lilconfig@3.1.3 OK for: tailwindcss@3.4.19 want: ^3.1.3
541 silly placeDep ROOT micromatch@4.0.8 OK for: tailwindcss@3.4.19 want: ^4.0.8
542 silly placeDep ROOT normalize-path@3.0.0 OK for: tailwindcss@3.4.19 want: ^3.0.0
543 silly placeDep ROOT object-hash@3.0.0 OK for: tailwindcss@3.4.19 want: ^3.0.0
544 silly placeDep ROOT postcss-import@15.1.0 OK for: tailwindcss@3.4.19 want: ^15.1.0
545 silly placeDep ROOT postcss-js@4.1.0 OK for: tailwindcss@3.4.19 want: ^4.0.1
546 silly placeDep ROOT postcss-load-config@6.0.1 OK for: tailwindcss@3.4.19 want: ^4.0.2 || ^5.0 || ^6.0
547 silly placeDep ROOT postcss-nested@6.2.0 OK for: tailwindcss@3.4.19 want: ^6.2.0
548 silly placeDep ROOT postcss-selector-parser@6.1.4 OK for: tailwindcss@3.4.19 want: ^6.1.2
549 silly placeDep ROOT resolve@1.22.13 OK for: tailwindcss@3.4.19 want: ^1.22.8
550 silly placeDep ROOT sucrase@3.35.1 OK for: tailwindcss@3.4.19 want: ^3.35.0
551 silly fetch manifest braces@~3.0.2
552 silly packumentCache full:https://registry.npmjs.org/braces cache-miss
553 silly fetch manifest is-glob@~4.0.1
554 silly packumentCache full:https://registry.npmjs.org/is-glob cache-miss
555 silly fetch manifest anymatch@~3.1.2
556 silly packumentCache full:https://registry.npmjs.org/anymatch cache-miss
557 silly fetch manifest readdirp@~3.6.0
558 silly packumentCache full:https://registry.npmjs.org/readdirp cache-miss
559 silly fetch manifest glob-parent@~5.1.2
560 silly packumentCache full:https://registry.npmjs.org/glob-parent cache-miss
561 silly fetch manifest is-binary-path@~2.1.0
562 silly packumentCache full:https://registry.npmjs.org/is-binary-path cache-miss
563 silly fetch manifest normalize-path@~3.0.0
564 silly packumentCache full:https://registry.npmjs.org/normalize-path cache-miss
565 silly fetch manifest fsevents@~2.3.2
566 silly packumentCache full:https://registry.npmjs.org/fsevents cache-miss
567 silly fetch manifest @nodelib/fs.stat@^2.0.2
568 silly packumentCache full:https://registry.npmjs.org/@nodelib%2ffs.stat cache-miss
569 silly fetch manifest @nodelib/fs.walk@^1.2.3
570 silly packumentCache full:https://registry.npmjs.org/@nodelib%2ffs.walk cache-miss
571 silly fetch manifest glob-parent@^5.1.2
572 silly packumentCache full:https://registry.npmjs.org/glob-parent cache-miss
573 http cache https://registry.npmjs.org/glob-parent 6ms (cache hit)
574 silly packumentCache full:https://registry.npmjs.org/glob-parent set size:42445 disposed:false
575 silly fetch manifest merge2@^1.3.0
576 silly packumentCache full:https://registry.npmjs.org/merge2 cache-miss
577 http cache https://registry.npmjs.org/is-glob 8ms (cache hit)
578 silly packumentCache full:https://registry.npmjs.org/is-glob set size:40530 disposed:false
579 silly fetch manifest is-extglob@^2.1.1
580 silly packumentCache full:https://registry.npmjs.org/is-extglob cache-miss
581 http cache https://registry.npmjs.org/normalize-path 9ms (cache hit)
582 silly packumentCache full:https://registry.npmjs.org/normalize-path set size:28713 disposed:false
583 silly fetch manifest braces@^3.0.3
584 silly packumentCache full:https://registry.npmjs.org/braces cache-miss
585 http cache https://registry.npmjs.org/glob-parent 9ms (cache hit)
586 silly packumentCache full:https://registry.npmjs.org/glob-parent set size:42445 disposed:false
587 silly packumentCache full:https://registry.npmjs.org/glob-parent dispose
588 silly fetch manifest picomatch@^2.3.1
589 silly packumentCache full:https://registry.npmjs.org/picomatch cache-miss
590 http fetch GET 200 https://registry.npmjs.org/is-binary-path 33ms (cache miss)
591 silly packumentCache full:https://registry.npmjs.org/is-binary-path set size:undefined disposed:false
592 silly fetch manifest resolve@^1.1.7
593 silly packumentCache full:https://registry.npmjs.org/resolve cache-miss
594 http cache https://registry.npmjs.org/resolve 3ms (cache hit)
595 silly packumentCache full:https://registry.npmjs.org/resolve set size:259411 disposed:false
596 silly fetch manifest read-cache@^1.0.0
597 silly packumentCache full:https://registry.npmjs.org/read-cache cache-miss
598 http fetch GET 200 https://registry.npmjs.org/braces 43ms (cache miss)
599 silly packumentCache full:https://registry.npmjs.org/braces set size:undefined disposed:false
600 silly fetch manifest camelcase-css@^2.0.1
601 silly packumentCache full:https://registry.npmjs.org/camelcase-css cache-miss
602 http fetch GET 200 https://registry.npmjs.org/anymatch 47ms (cache miss)
603 silly packumentCache full:https://registry.npmjs.org/anymatch set size:undefined disposed:false
604 silly fetch manifest postcss-selector-parser@^6.1.1
605 silly packumentCache full:https://registry.npmjs.org/postcss-selector-parser cache-miss
606 http fetch GET 200 https://registry.npmjs.org/fsevents 47ms (cache miss)
607 silly packumentCache full:https://registry.npmjs.org/fsevents set size:undefined disposed:false
608 silly fetch manifest cssesc@^3.0.0
609 silly packumentCache full:https://registry.npmjs.org/cssesc cache-miss
610 http fetch GET 200 https://registry.npmjs.org/picomatch 42ms (cache miss)
611 silly packumentCache full:https://registry.npmjs.org/picomatch set size:undefined disposed:false
612 silly fetch manifest util-deprecate@^1.0.2
613 silly packumentCache full:https://registry.npmjs.org/util-deprecate cache-miss
614 http fetch GET 200 https://registry.npmjs.org/merge2 49ms (cache miss)
615 silly packumentCache full:https://registry.npmjs.org/merge2 set size:undefined disposed:false
616 silly fetch manifest es-errors@^1.3.0
617 silly packumentCache full:https://registry.npmjs.org/es-errors cache-miss
618 http cache https://registry.npmjs.org/postcss-selector-parser 10ms (cache hit)
619 silly packumentCache full:https://registry.npmjs.org/postcss-selector-parser set size:199901 disposed:false
620 silly fetch manifest path-parse@^1.0.7
621 silly packumentCache full:https://registry.npmjs.org/path-parse cache-miss
622 http fetch GET 200 https://registry.npmjs.org/is-extglob 51ms (cache miss)
623 silly packumentCache full:https://registry.npmjs.org/is-extglob set size:undefined disposed:false
624 silly fetch manifest is-core-module@^2.17.0
625 silly packumentCache full:https://registry.npmjs.org/is-core-module cache-miss
626 http fetch GET 200 https://registry.npmjs.org/readdirp 60ms (cache miss)
627 silly packumentCache full:https://registry.npmjs.org/readdirp set size:undefined disposed:false
628 silly fetch manifest supports-preserve-symlinks-flag@^1.0.0
629 silly packumentCache full:https://registry.npmjs.org/supports-preserve-symlinks-flag cache-miss
630 http fetch GET 200 https://registry.npmjs.org/braces 52ms (cache miss)
631 silly packumentCache full:https://registry.npmjs.org/braces set size:undefined disposed:false
632 silly fetch manifest @jridgewell/gen-mapping@^0.3.2
633 silly packumentCache full:https://registry.npmjs.org/@jridgewell%2fgen-mapping cache-miss
634 http fetch GET 200 https://registry.npmjs.org/@nodelib%2ffs.walk 61ms (cache miss)
635 silly packumentCache full:https://registry.npmjs.org/@nodelib%2ffs.walk set size:undefined disposed:false
636 silly fetch manifest commander@^4.0.0
637 silly packumentCache full:https://registry.npmjs.org/commander cache-miss
638 http fetch GET 200 https://registry.npmjs.org/@nodelib%2ffs.stat 63ms (cache miss)
639 silly packumentCache full:https://registry.npmjs.org/@nodelib%2ffs.stat set size:undefined disposed:false
640 silly fetch manifest lines-and-columns@^1.1.6
641 silly packumentCache full:https://registry.npmjs.org/lines-and-columns cache-miss
642 http fetch GET 200 https://registry.npmjs.org/read-cache 28ms (cache miss)
643 silly packumentCache full:https://registry.npmjs.org/read-cache set size:undefined disposed:false
644 silly fetch manifest mz@^2.7.0
645 silly packumentCache full:https://registry.npmjs.org/mz cache-miss
646 http fetch GET 200 https://registry.npmjs.org/camelcase-css 27ms (cache miss)
647 silly packumentCache full:https://registry.npmjs.org/camelcase-css set size:undefined disposed:false
648 silly fetch manifest pirates@^4.0.1
649 silly packumentCache full:https://registry.npmjs.org/pirates cache-miss
650 http fetch GET 200 https://registry.npmjs.org/cssesc 25ms (cache miss)
651 silly packumentCache full:https://registry.npmjs.org/cssesc set size:undefined disposed:false
652 silly fetch manifest tinyglobby@^0.2.11
653 silly packumentCache full:https://registry.npmjs.org/tinyglobby cache-miss
654 http fetch GET 200 https://registry.npmjs.org/es-errors 26ms (cache miss)
655 silly packumentCache full:https://registry.npmjs.org/es-errors set size:undefined disposed:false
656 silly fetch manifest ts-interface-checker@^0.1.9
657 silly packumentCache full:https://registry.npmjs.org/ts-interface-checker cache-miss
658 http fetch GET 200 https://registry.npmjs.org/path-parse 28ms (cache miss)
659 silly packumentCache full:https://registry.npmjs.org/path-parse set size:undefined disposed:false
660 http fetch GET 200 https://registry.npmjs.org/util-deprecate 35ms (cache miss)
661 silly packumentCache full:https://registry.npmjs.org/util-deprecate set size:undefined disposed:false
662 http fetch GET 200 https://registry.npmjs.org/supports-preserve-symlinks-flag 37ms (cache miss)
663 silly packumentCache full:https://registry.npmjs.org/supports-preserve-symlinks-flag set size:undefined disposed:false
664 http fetch GET 200 https://registry.npmjs.org/mz 35ms (cache miss)
665 silly packumentCache full:https://registry.npmjs.org/mz set size:undefined disposed:false
666 http fetch GET 200 https://registry.npmjs.org/is-core-module 43ms (cache miss)
667 silly packumentCache full:https://registry.npmjs.org/is-core-module set size:undefined disposed:false
668 http fetch GET 200 https://registry.npmjs.org/lines-and-columns 39ms (cache miss)
669 silly packumentCache full:https://registry.npmjs.org/lines-and-columns set size:undefined disposed:false
670 http fetch GET 200 https://registry.npmjs.org/tinyglobby 29ms (cache miss)
671 silly packumentCache full:https://registry.npmjs.org/tinyglobby set size:undefined disposed:false
672 http fetch GET 200 https://registry.npmjs.org/pirates 40ms (cache miss)
673 silly packumentCache full:https://registry.npmjs.org/pirates set size:undefined disposed:false
674 http fetch GET 200 https://registry.npmjs.org/@jridgewell%2fgen-mapping 51ms (cache miss)
675 silly packumentCache full:https://registry.npmjs.org/@jridgewell%2fgen-mapping set size:undefined disposed:false
676 http fetch GET 200 https://registry.npmjs.org/ts-interface-checker 30ms (cache miss)
677 silly packumentCache full:https://registry.npmjs.org/ts-interface-checker set size:undefined disposed:false
678 http fetch GET 200 https://registry.npmjs.org/commander 56ms (cache miss)
679 silly packumentCache full:https://registry.npmjs.org/commander set size:undefined disposed:false
680 silly placeDep ROOT anymatch@3.1.3 OK for: chokidar@3.6.0 want: ~3.1.2
681 silly placeDep ROOT braces@3.0.3 OK for: chokidar@3.6.0 want: ~3.0.2
682 silly placeDep ROOT fsevents@2.3.3 OK for: chokidar@3.6.0 want: ~2.3.2
683 silly placeDep node_modules/chokidar glob-parent@5.1.2 OK for: chokidar@3.6.0 want: ~5.1.2
684 silly placeDep ROOT is-binary-path@2.1.0 OK for: chokidar@3.6.0 want: ~2.1.0
685 silly placeDep ROOT readdirp@3.6.0 OK for: chokidar@3.6.0 want: ~3.6.0
686 silly fetch manifest picomatch@^2.0.4
687 silly packumentCache full:https://registry.npmjs.org/picomatch cache-miss
688 silly fetch manifest fill-range@^7.1.1
689 silly packumentCache full:https://registry.npmjs.org/fill-range cache-miss
690 silly fetch manifest binary-extensions@^2.0.0
691 silly packumentCache full:https://registry.npmjs.org/binary-extensions cache-miss
692 silly fetch manifest picomatch@^2.2.1
693 silly packumentCache full:https://registry.npmjs.org/picomatch cache-miss
694 http cache https://registry.npmjs.org/picomatch 2ms (cache hit)
695 silly packumentCache full:https://registry.npmjs.org/picomatch set size:134451 disposed:false
696 http cache https://registry.npmjs.org/picomatch 3ms (cache hit)
697 silly packumentCache full:https://registry.npmjs.org/picomatch set size:134451 disposed:false
698 silly packumentCache full:https://registry.npmjs.org/picomatch dispose
699 http fetch GET 200 https://registry.npmjs.org/binary-extensions 38ms (cache miss)
700 silly packumentCache full:https://registry.npmjs.org/binary-extensions set size:undefined disposed:false
701 http fetch GET 200 https://registry.npmjs.org/fill-range 46ms (cache miss)
702 silly packumentCache full:https://registry.npmjs.org/fill-range set size:undefined disposed:false
703 silly placeDep ROOT picomatch@2.3.2 OK for: anymatch@3.1.3 want: ^2.0.4
704 silly placeDep ROOT fill-range@7.1.1 OK for: braces@3.0.3 want: ^7.1.1
705 silly fetch manifest to-regex-range@^5.0.1
706 silly packumentCache full:https://registry.npmjs.org/to-regex-range cache-miss
707 http fetch GET 200 https://registry.npmjs.org/to-regex-range 36ms (cache miss)
708 silly packumentCache full:https://registry.npmjs.org/to-regex-range set size:undefined disposed:false
709 silly placeDep ROOT @nodelib/fs.stat@2.0.5 OK for: fast-glob@3.3.3 want: ^2.0.2
710 silly placeDep ROOT @nodelib/fs.walk@1.2.8 OK for: fast-glob@3.3.3 want: ^1.2.3
711 silly placeDep node_modules/fast-glob glob-parent@5.1.2 OK for: fast-glob@3.3.3 want: ^5.1.2
712 silly placeDep ROOT merge2@1.4.1 OK for: fast-glob@3.3.3 want: ^1.3.0
713 silly fetch manifest fastq@^1.6.0
714 silly packumentCache full:https://registry.npmjs.org/fastq cache-miss
715 silly fetch manifest @nodelib/fs.scandir@2.1.5
716 silly packumentCache full:https://registry.npmjs.org/@nodelib%2ffs.scandir cache-miss
717 http fetch GET 200 https://registry.npmjs.org/fastq 31ms (cache miss)
718 silly packumentCache full:https://registry.npmjs.org/fastq set size:undefined disposed:false
719 http fetch GET 200 https://registry.npmjs.org/@nodelib%2ffs.scandir 43ms (cache miss)
720 silly packumentCache full:https://registry.npmjs.org/@nodelib%2ffs.scandir set size:undefined disposed:false
721 silly placeDep ROOT @nodelib/fs.scandir@2.1.5 OK for: @nodelib/fs.walk@1.2.8 want: 2.1.5
722 silly placeDep ROOT fastq@1.20.3 OK for: @nodelib/fs.walk@1.2.8 want: ^1.6.0
723 silly fetch manifest run-parallel@^1.1.9
724 silly packumentCache full:https://registry.npmjs.org/run-parallel cache-miss
725 silly fetch manifest reusify@^1.0.4
726 silly packumentCache full:https://registry.npmjs.org/reusify cache-miss
727 http fetch GET 200 https://registry.npmjs.org/run-parallel 40ms (cache miss)
728 silly packumentCache full:https://registry.npmjs.org/run-parallel set size:undefined disposed:false
729 http fetch GET 200 https://registry.npmjs.org/reusify 41ms (cache miss)
730 silly packumentCache full:https://registry.npmjs.org/reusify set size:undefined disposed:false
731 silly placeDep ROOT run-parallel@1.2.0 OK for: @nodelib/fs.scandir@2.1.5 want: ^1.1.9
732 silly fetch manifest queue-microtask@^1.2.2
733 silly packumentCache full:https://registry.npmjs.org/queue-microtask cache-miss
734 http fetch GET 200 https://registry.npmjs.org/queue-microtask 65ms (cache miss)
735 silly packumentCache full:https://registry.npmjs.org/queue-microtask set size:undefined disposed:false
736 silly placeDep ROOT reusify@1.1.0 OK for: fastq@1.20.3 want: ^1.0.4
737 silly placeDep ROOT to-regex-range@5.0.1 OK for: fill-range@7.1.1 want: ^5.0.1
738 silly fetch manifest is-number@^7.0.0
739 silly packumentCache full:https://registry.npmjs.org/is-number cache-miss
740 http fetch GET 200 https://registry.npmjs.org/is-number 26ms (cache miss)
741 silly packumentCache full:https://registry.npmjs.org/is-number set size:undefined disposed:false
742 silly placeDep ROOT binary-extensions@2.3.0 OK for: is-binary-path@2.1.0 want: ^2.0.0
743 silly placeDep ROOT is-extglob@2.1.1 OK for: is-glob@4.0.3 want: ^2.1.1
744 silly placeDep ROOT read-cache@1.0.2 OK for: postcss-import@15.1.0 want: ^1.0.0
745 silly placeDep ROOT camelcase-css@2.0.1 OK for: postcss-js@4.1.0 want: ^2.0.1
746 silly placeDep ROOT cssesc@3.0.0 OK for: postcss-selector-parser@6.1.4 want: ^3.0.0
747 silly placeDep ROOT util-deprecate@1.0.2 OK for: postcss-selector-parser@6.1.4 want: ^1.0.2
748 silly placeDep ROOT es-errors@1.3.0 OK for: resolve@1.22.13 want: ^1.3.0
749 silly placeDep ROOT is-core-module@2.17.0 OK for: resolve@1.22.13 want: ^2.17.0
750 silly placeDep ROOT path-parse@1.0.7 OK for: resolve@1.22.13 want: ^1.0.7
751 silly placeDep ROOT supports-preserve-symlinks-flag@1.0.0 OK for: resolve@1.22.13 want: ^1.0.0
752 silly fetch manifest hasown@^2.0.4
753 silly packumentCache full:https://registry.npmjs.org/hasown cache-miss
754 http fetch GET 200 https://registry.npmjs.org/hasown 27ms (cache miss)
755 silly packumentCache full:https://registry.npmjs.org/hasown set size:undefined disposed:false
756 silly placeDep ROOT hasown@2.0.4 OK for: is-core-module@2.17.0 want: ^2.0.4
757 silly fetch manifest function-bind@^1.1.2
758 silly packumentCache full:https://registry.npmjs.org/function-bind cache-miss
759 http fetch GET 200 https://registry.npmjs.org/function-bind 38ms (cache miss)
760 silly packumentCache full:https://registry.npmjs.org/function-bind set size:undefined disposed:false
761 silly placeDep ROOT function-bind@1.1.2 OK for: hasown@2.0.4 want: ^1.1.2
762 silly placeDep ROOT queue-microtask@1.2.3 OK for: run-parallel@1.2.0 want: ^1.2.2
763 silly placeDep ROOT @jridgewell/gen-mapping@0.3.13 OK for: sucrase@3.35.1 want: ^0.3.2
764 silly placeDep ROOT commander@4.1.1 OK for: sucrase@3.35.1 want: ^4.0.0
765 silly placeDep ROOT lines-and-columns@1.2.4 OK for: sucrase@3.35.1 want: ^1.1.6
766 silly placeDep ROOT mz@2.7.0 OK for: sucrase@3.35.1 want: ^2.7.0
767 silly placeDep ROOT pirates@4.0.7 OK for: sucrase@3.35.1 want: ^4.0.1
768 silly placeDep ROOT tinyglobby@0.2.17 OK for: sucrase@3.35.1 want: ^0.2.11
769 silly placeDep ROOT ts-interface-checker@0.1.13 OK for: sucrase@3.35.1 want: ^0.1.9
770 silly fetch manifest @jridgewell/trace-mapping@^0.3.24
771 silly packumentCache full:https://registry.npmjs.org/@jridgewell%2ftrace-mapping cache-miss
772 silly fetch manifest @jridgewell/sourcemap-codec@^1.5.0
773 silly packumentCache full:https://registry.npmjs.org/@jridgewell%2fsourcemap-codec cache-miss
774 silly fetch manifest any-promise@^1.0.0
775 silly packumentCache full:https://registry.npmjs.org/any-promise cache-miss
776 silly fetch manifest object-assign@^4.0.1
777 silly packumentCache full:https://registry.npmjs.org/object-assign cache-miss
778 silly fetch manifest thenify-all@^1.0.0
779 silly packumentCache full:https://registry.npmjs.org/thenify-all cache-miss
780 silly fetch manifest fdir@^6.5.0
781 silly packumentCache full:https://registry.npmjs.org/fdir cache-miss
782 silly fetch manifest picomatch@^4.0.4
783 silly packumentCache full:https://registry.npmjs.org/picomatch cache-hit
784 http fetch GET 200 https://registry.npmjs.org/thenify-all 34ms (cache miss)
785 silly packumentCache full:https://registry.npmjs.org/thenify-all set size:undefined disposed:false
786 http fetch GET 200 https://registry.npmjs.org/object-assign 35ms (cache miss)
787 silly packumentCache full:https://registry.npmjs.org/object-assign set size:undefined disposed:false
788 http fetch GET 200 https://registry.npmjs.org/any-promise 49ms (cache miss)
789 silly packumentCache full:https://registry.npmjs.org/any-promise set size:undefined disposed:false
790 http fetch GET 200 https://registry.npmjs.org/fdir 57ms (cache miss)
791 silly packumentCache full:https://registry.npmjs.org/fdir set size:undefined disposed:false
792 http fetch GET 200 https://registry.npmjs.org/@jridgewell%2fsourcemap-codec 59ms (cache miss)
793 silly packumentCache full:https://registry.npmjs.org/@jridgewell%2fsourcemap-codec set size:undefined disposed:false
794 http fetch GET 200 https://registry.npmjs.org/@jridgewell%2ftrace-mapping 61ms (cache miss)
795 silly packumentCache full:https://registry.npmjs.org/@jridgewell%2ftrace-mapping set size:undefined disposed:false
796 silly placeDep ROOT @jridgewell/sourcemap-codec@1.6.0 OK for: @jridgewell/gen-mapping@0.3.13 want: ^1.5.0
797 silly placeDep ROOT @jridgewell/trace-mapping@0.3.31 OK for: @jridgewell/gen-mapping@0.3.13 want: ^0.3.24
798 silly fetch manifest @jridgewell/resolve-uri@^3.1.0
799 silly packumentCache full:https://registry.npmjs.org/@jridgewell%2fresolve-uri cache-miss
800 http fetch GET 200 https://registry.npmjs.org/@jridgewell%2fresolve-uri 56ms (cache miss)
801 silly packumentCache full:https://registry.npmjs.org/@jridgewell%2fresolve-uri set size:undefined disposed:false
802 silly placeDep ROOT @jridgewell/resolve-uri@3.1.2 OK for: @jridgewell/trace-mapping@0.3.31 want: ^3.1.0
803 silly placeDep ROOT any-promise@1.3.0 OK for: mz@2.7.0 want: ^1.0.0
804 silly placeDep ROOT object-assign@4.1.1 OK for: mz@2.7.0 want: ^4.0.1
805 silly placeDep ROOT thenify-all@1.6.0 OK for: mz@2.7.0 want: ^1.0.0
806 silly fetch manifest thenify@>= 3.1.0 < 4
807 silly packumentCache full:https://registry.npmjs.org/thenify cache-miss
808 http fetch GET 200 https://registry.npmjs.org/thenify 35ms (cache miss)
809 silly packumentCache full:https://registry.npmjs.org/thenify set size:undefined disposed:false
810 silly placeDep ROOT thenify@3.3.1 OK for: thenify-all@1.6.0 want: >= 3.1.0 < 4
811 silly placeDep node_modules/tinyglobby fdir@6.5.0 OK for: tinyglobby@0.2.17 want: ^6.5.0
812 silly placeDep node_modules/tinyglobby picomatch@4.0.7 OK for: fdir@6.5.0 want: ^3 || ^4
813 silly placeDep ROOT is-number@7.0.0 OK for: to-regex-range@5.0.1 want: ^7.0.0
814 silly placeDep ROOT escalade@3.2.0 OK for: update-browserslist-db@1.3.4 want: ^3.2.0
815 silly reify moves {}
816 silly audit bulk request {
816 silly audit   '@hookform/resolvers': [ '3.10.0' ],
816 silly audit   'react-hook-form': [ '7.89.0' ],
816 silly audit   react: [ '19.3.0' ],
816 silly audit   '@types/node': [ '22.20.5' ],
816 silly audit   '@types/react': [ '19.3.0' ],
816 silly audit   '@types/react-dom': [ '19.3.0' ],
816 silly audit   autoprefixer: [ '10.6.1' ],
816 silly audit   postcss: [ '8.5.29', '8.4.31' ],
816 silly audit   clsx: [ '2.1.1' ],
816 silly audit   'lucide-react': [ '0.475.0' ],
816 silly audit   next: [ '15.5.27' ],
816 silly audit   'react-dom': [ '19.3.0' ],
816 silly audit   'tailwind-merge': [ '3.7.0' ],
816 silly audit   tailwindcss: [ '3.4.19' ],
816 silly audit   typescript: [ '5.9.3' ],
816 silly audit   zod: [ '3.25.76' ],
816 silly audit   'undici-types': [ '6.21.0' ],
816 silly audit   csstype: [ '3.2.3' ],
816 silly audit   browserslist: [ '4.29.3' ],
816 silly audit   'caniuse-lite': [ '1.0.30001815' ],
816 silly audit   'fraction.js': [ '5.3.4' ],
816 silly audit   picocolors: [ '1.1.1' ],
816 silly audit   'postcss-value-parser': [ '4.2.0' ],
816 silly audit   'baseline-browser-mapping': [ '2.11.28' ],
816 silly audit   'electron-to-chromium': [ '1.5.452' ],
816 silly audit   'node-releases': [ '2.0.58' ],
816 silly audit   'update-browserslist-db': [ '1.3.4' ],
816 silly audit   '@next/env': [ '15.5.27' ],
816 silly audit   '@next/swc-darwin-arm64': [ '15.5.27' ],
816 silly audit   '@next/swc-darwin-x64': [ '15.5.27' ],
816 silly audit   '@next/swc-linux-arm64-gnu': [ '15.5.27' ],
816 silly audit   '@next/swc-linux-arm64-musl': [ '15.5.27' ],
816 silly audit   '@next/swc-linux-x64-gnu': [ '15.5.27' ],
816 silly audit   '@next/swc-linux-x64-musl': [ '15.5.27' ],
816 silly audit   '@next/swc-win32-arm64-msvc': [ '15.5.27' ],
816 silly audit   '@next/swc-win32-x64-msvc': [ '15.5.27' ],
816 silly audit   '@swc/helpers': [ '0.5.15' ],
816 silly audit   sharp: [ '0.35.5' ],
816 silly audit   'styled-jsx': [ '5.1.6' ],
816 silly audit   tslib: [ '2.8.1' ],
816 silly audit   nanoid: [ '3.3.20' ],
816 silly audit   'source-map-js': [ '1.2.2' ],
816 silly audit   scheduler: [ '0.28.0' ],
816 silly audit   '@img/colour': [ '1.1.0' ],
816 silly audit   '@img/sharp-darwin-arm64': [ '0.35.5' ],
816 silly audit   '@img/sharp-darwin-x64': [ '0.35.5' ],
816 silly audit   '@img/sharp-freebsd-wasm32': [ '0.35.5' ],
816 silly audit   '@img/sharp-libvips-darwin-arm64': [ '1.3.4' ],
816 silly audit   '@img/sharp-libvips-darwin-x64': [ '1.3.4' ],
816 silly audit   '@img/sharp-libvips-linux-arm': [ '1.3.4' ],
816 silly audit   '@img/sharp-libvips-linux-arm64': [ '1.3.4' ],
816 silly audit   '@img/sharp-libvips-linux-ppc64': [ '1.3.4' ],
816 silly audit   '@img/sharp-libvips-linux-riscv64': [ '1.3.4' ],
816 silly audit   '@img/sharp-libvips-linux-s390x': [ '1.3.4' ],
816 silly audit   '@img/sharp-libvips-linux-x64': [ '1.3.4' ],
816 silly audit   '@img/sharp-libvips-linuxmusl-arm64': [ '1.3.4' ],
816 silly audit   '@img/sharp-libvips-linuxmusl-x64': [ '1.3.4' ],
816 silly audit   '@img/sharp-linux-arm': [ '0.35.5' ],
816 silly audit   '@img/sharp-linux-arm64': [ '0.35.5' ],
816 silly audit   '@img/sharp-linux-ppc64': [ '0.35.5' ],
816 silly audit   '@img/sharp-linux-riscv64': [ '0.35.5' ],
816 silly audit   '@img/sharp-linux-s390x': [ '0.35.5' ],
816 silly audit   '@img/sharp-linux-x64': [ '0.35.5' ],
816 silly audit   '@img/sharp-linuxmusl-arm64': [ '0.35.5' ],
816 silly audit   '@img/sharp-linuxmusl-x64': [ '0.35.5' ],
816 silly audit   '@img/sharp-webcontainers-wasm32': [ '0.35.5' ],
816 silly audit   '@img/sharp-win32-arm64': [ '0.35.5' ],
816 silly audit   '@img/sharp-win32-ia32': [ '0.35.5' ],
816 silly audit   '@img/sharp-win32-x64': [ '0.35.5' ],
816 silly audit   'detect-libc': [ '2.1.2' ],
816 silly audit   semver: [ '7.8.5' ],
816 silly audit   '@img/sharp-wasm32': [ '0.35.5' ],
816 silly audit   '@emnapi/runtime': [ '1.11.3' ],
816 silly audit   'client-only': [ '0.0.1' ],
816 silly audit   '@alloc/quick-lru': [ '5.3.0' ],
816 silly audit   arg: [ '5.0.2' ],
816 silly audit   chokidar: [ '3.6.0' ],
816 silly audit   didyoumean: [ '1.2.2' ],
816 silly audit   dlv: [ '1.1.3' ],
816 silly audit   'fast-glob': [ '3.3.3' ],
816 silly audit   'glob-parent': [ '6.0.2', '5.1.2' ],
816 silly audit   'is-glob': [ '4.0.3' ],
816 silly audit   jiti: [ '1.21.7' ],
816 silly audit   lilconfig: [ '3.1.3' ],
816 silly audit   micromatch: [ '4.0.8' ],
816 silly audit   'normalize-path': [ '3.0.0' ],
816 silly audit   'object-hash': [ '3.0.0' ],
816 silly audit   'postcss-import': [ '15.1.0' ],
816 silly audit   'postcss-js': [ '4.1.0' ],
816 silly audit   'postcss-load-config': [ '6.0.1' ],
816 silly audit   'postcss-nested': [ '6.2.0' ],
816 silly audit   'postcss-selector-parser': [ '6.1.4' ],
816 silly audit   resolve: [ '1.22.13' ],
816 silly audit   sucrase: [ '3.35.1' ],
816 silly audit   anymatch: [ '3.1.3' ],
816 silly audit   braces: [ '3.0.3' ],
816 silly audit   fsevents: [ '2.3.3' ],
816 silly audit   'is-binary-path': [ '2.1.0' ],
816 silly audit   readdirp: [ '3.6.0' ],
816 silly audit   picomatch: [ '2.3.2', '4.0.7' ],
816 silly audit   'fill-range': [ '7.1.1' ],
816 silly audit   '@nodelib/fs.stat': [ '2.0.5' ],
816 silly audit   '@nodelib/fs.walk': [ '1.2.8' ],
816 silly audit   merge2: [ '1.4.1' ],
816 silly audit   '@nodelib/fs.scandir': [ '2.1.5' ],
816 silly audit   fastq: [ '1.20.3' ],
816 silly audit   'run-parallel': [ '1.2.0' ],
816 silly audit   reusify: [ '1.1.0' ],
816 silly audit   'to-regex-range': [ '5.0.1' ],
816 silly audit   'binary-extensions': [ '2.3.0' ],
816 silly audit   'is-extglob': [ '2.1.1' ],
816 silly audit   'read-cache': [ '1.0.2' ],
816 silly audit   'camelcase-css': [ '2.0.1' ],
816 silly audit   cssesc: [ '3.0.0' ],
816 silly audit   'util-deprecate': [ '1.0.2' ],
816 silly audit   'es-errors': [ '1.3.0' ],
816 silly audit   'is-core-module': [ '2.17.0' ],
816 silly audit   'path-parse': [ '1.0.7' ],
816 silly audit   'supports-preserve-symlinks-flag': [ '1.0.0' ],
816 silly audit   hasown: [ '2.0.4' ],
816 silly audit   'function-bind': [ '1.1.2' ],
816 silly audit   'queue-microtask': [ '1.2.3' ],
816 silly audit   '@jridgewell/gen-mapping': [ '0.3.13' ],
816 silly audit   commander: [ '4.1.1' ],
816 silly audit   'lines-and-columns': [ '1.2.4' ],
816 silly audit   mz: [ '2.7.0' ],
816 silly audit   pirates: [ '4.0.7' ],
816 silly audit   tinyglobby: [ '0.2.17' ],
816 silly audit   'ts-interface-checker': [ '0.1.13' ],
816 silly audit   '@jridgewell/sourcemap-codec': [ '1.6.0' ],
816 silly audit   '@jridgewell/trace-mapping': [ '0.3.31' ],
816 silly audit   '@jridgewell/resolve-uri': [ '3.1.2' ],
816 silly audit   'any-promise': [ '1.3.0' ],
816 silly audit   'object-assign': [ '4.1.1' ],
816 silly audit   'thenify-all': [ '1.6.0' ],
816 silly audit   thenify: [ '3.3.1' ],
816 silly audit   fdir: [ '6.5.0' ],
816 silly audit   'is-number': [ '7.0.0' ],
816 silly audit   escalade: [ '3.2.0' ]
816 silly audit }
817 verbose reify failed optional dependency /Users/gauravsahu/fe_workspace/academics-pro/node_modules/@img/sharp-win32-x64
818 silly reify mark deleted [
818 silly reify   '/Users/gauravsahu/fe_workspace/academics-pro/node_modules/@img/sharp-win32-x64'
818 silly reify ]
819 verbose reify failed optional dependency /Users/gauravsahu/fe_workspace/academics-pro/node_modules/@img/sharp-win32-ia32
820 silly reify mark deleted [
820 silly reify   '/Users/gauravsahu/fe_workspace/academics-pro/node_modules/@img/sharp-win32-ia32'
820 silly reify ]
821 verbose reify failed optional dependency /Users/gauravsahu/fe_workspace/academics-pro/node_modules/@img/sharp-win32-arm64
822 silly reify mark deleted [
822 silly reify   '/Users/gauravsahu/fe_workspace/academics-pro/node_modules/@img/sharp-win32-arm64'
822 silly reify ]
823 verbose reify failed optional dependency /Users/gauravsahu/fe_workspace/academics-pro/node_modules/@img/sharp-webcontainers-wasm32
824 silly reify mark deleted [
824 silly reify   '/Users/gauravsahu/fe_workspace/academics-pro/node_modules/@img/sharp-webcontainers-wasm32'
824 silly reify ]
825 verbose reify failed optional dependency /Users/gauravsahu/fe_workspace/academics-pro/node_modules/@img/sharp-linuxmusl-x64
826 silly reify mark deleted [
826 silly reify   '/Users/gauravsahu/fe_workspace/academics-pro/node_modules/@img/sharp-linuxmusl-x64'
826 silly reify ]
827 verbose reify failed optional dependency /Users/gauravsahu/fe_workspace/academics-pro/node_modules/@img/sharp-linuxmusl-arm64
828 silly reify mark deleted [
828 silly reify   '/Users/gauravsahu/fe_workspace/academics-pro/node_modules/@img/sharp-linuxmusl-arm64'
828 silly reify ]
829 verbose reify failed optional dependency /Users/gauravsahu/fe_workspace/academics-pro/node_modules/@img/sharp-linux-x64
830 silly reify mark deleted [
830 silly reify   '/Users/gauravsahu/fe_workspace/academics-pro/node_modules/@img/sharp-linux-x64'
830 silly reify ]
831 verbose reify failed optional dependency /Users/gauravsahu/fe_workspace/academics-pro/node_modules/@img/sharp-linux-s390x
832 silly reify mark deleted [
832 silly reify   '/Users/gauravsahu/fe_workspace/academics-pro/node_modules/@img/sharp-linux-s390x'
832 silly reify ]
833 verbose reify failed optional dependency /Users/gauravsahu/fe_workspace/academics-pro/node_modules/@img/sharp-linux-riscv64
834 silly reify mark deleted [
834 silly reify   '/Users/gauravsahu/fe_workspace/academics-pro/node_modules/@img/sharp-linux-riscv64'
834 silly reify ]
835 verbose reify failed optional dependency /Users/gauravsahu/fe_workspace/academics-pro/node_modules/@img/sharp-linux-ppc64
836 silly reify mark deleted [
836 silly reify   '/Users/gauravsahu/fe_workspace/academics-pro/node_modules/@img/sharp-linux-ppc64'
836 silly reify ]
837 verbose reify failed optional dependency /Users/gauravsahu/fe_workspace/academics-pro/node_modules/@img/sharp-linux-arm64
838 silly reify mark deleted [
838 silly reify   '/Users/gauravsahu/fe_workspace/academics-pro/node_modules/@img/sharp-linux-arm64'
838 silly reify ]
839 verbose reify failed optional dependency /Users/gauravsahu/fe_workspace/academics-pro/node_modules/@img/sharp-linux-arm
840 silly reify mark deleted [
840 silly reify   '/Users/gauravsahu/fe_workspace/academics-pro/node_modules/@img/sharp-linux-arm'
840 silly reify ]
841 verbose reify failed optional dependency /Users/gauravsahu/fe_workspace/academics-pro/node_modules/@img/sharp-libvips-linuxmusl-x64
842 silly reify mark deleted [
842 silly reify   '/Users/gauravsahu/fe_workspace/academics-pro/node_modules/@img/sharp-libvips-linuxmusl-x64'
842 silly reify ]
843 verbose reify failed optional dependency /Users/gauravsahu/fe_workspace/academics-pro/node_modules/@img/sharp-libvips-linuxmusl-arm64
844 silly reify mark deleted [
844 silly reify   '/Users/gauravsahu/fe_workspace/academics-pro/node_modules/@img/sharp-libvips-linuxmusl-arm64'
844 silly reify ]
845 verbose reify failed optional dependency /Users/gauravsahu/fe_workspace/academics-pro/node_modules/@img/sharp-libvips-linux-x64
846 silly reify mark deleted [
846 silly reify   '/Users/gauravsahu/fe_workspace/academics-pro/node_modules/@img/sharp-libvips-linux-x64'
846 silly reify ]
847 verbose reify failed optional dependency /Users/gauravsahu/fe_workspace/academics-pro/node_modules/@img/sharp-libvips-linux-s390x
848 silly reify mark deleted [
848 silly reify   '/Users/gauravsahu/fe_workspace/academics-pro/node_modules/@img/sharp-libvips-linux-s390x'
848 silly reify ]
849 verbose reify failed optional dependency /Users/gauravsahu/fe_workspace/academics-pro/node_modules/@img/sharp-libvips-linux-riscv64
850 silly reify mark deleted [
850 silly reify   '/Users/gauravsahu/fe_workspace/academics-pro/node_modules/@img/sharp-libvips-linux-riscv64'
850 silly reify ]
851 verbose reify failed optional dependency /Users/gauravsahu/fe_workspace/academics-pro/node_modules/@img/sharp-libvips-linux-ppc64
852 silly reify mark deleted [
852 silly reify   '/Users/gauravsahu/fe_workspace/academics-pro/node_modules/@img/sharp-libvips-linux-ppc64'
852 silly reify ]
853 verbose reify failed optional dependency /Users/gauravsahu/fe_workspace/academics-pro/node_modules/@img/sharp-libvips-linux-arm64
854 silly reify mark deleted [
854 silly reify   '/Users/gauravsahu/fe_workspace/academics-pro/node_modules/@img/sharp-libvips-linux-arm64'
854 silly reify ]
855 verbose reify failed optional dependency /Users/gauravsahu/fe_workspace/academics-pro/node_modules/@img/sharp-libvips-linux-arm
856 silly reify mark deleted [
856 silly reify   '/Users/gauravsahu/fe_workspace/academics-pro/node_modules/@img/sharp-libvips-linux-arm'
856 silly reify ]
857 verbose reify failed optional dependency /Users/gauravsahu/fe_workspace/academics-pro/node_modules/@img/sharp-libvips-darwin-x64
858 silly reify mark deleted [
858 silly reify   '/Users/gauravsahu/fe_workspace/academics-pro/node_modules/@img/sharp-libvips-darwin-x64'
858 silly reify ]
859 verbose reify failed optional dependency /Users/gauravsahu/fe_workspace/academics-pro/node_modules/@img/sharp-freebsd-wasm32
860 silly reify mark deleted [
860 silly reify   '/Users/gauravsahu/fe_workspace/academics-pro/node_modules/@img/sharp-freebsd-wasm32'
860 silly reify ]
861 verbose reify failed optional dependency /Users/gauravsahu/fe_workspace/academics-pro/node_modules/@img/sharp-darwin-x64
862 silly reify mark deleted [
862 silly reify   '/Users/gauravsahu/fe_workspace/academics-pro/node_modules/@img/sharp-darwin-x64'
862 silly reify ]
863 verbose reify failed optional dependency /Users/gauravsahu/fe_workspace/academics-pro/node_modules/@next/swc-win32-x64-msvc
864 silly reify mark deleted [
864 silly reify   '/Users/gauravsahu/fe_workspace/academics-pro/node_modules/@next/swc-win32-x64-msvc'
864 silly reify ]
865 verbose reify failed optional dependency /Users/gauravsahu/fe_workspace/academics-pro/node_modules/@next/swc-win32-arm64-msvc
866 silly reify mark deleted [
866 silly reify   '/Users/gauravsahu/fe_workspace/academics-pro/node_modules/@next/swc-win32-arm64-msvc'
866 silly reify ]
867 verbose reify failed optional dependency /Users/gauravsahu/fe_workspace/academics-pro/node_modules/@next/swc-linux-x64-musl
868 silly reify mark deleted [
868 silly reify   '/Users/gauravsahu/fe_workspace/academics-pro/node_modules/@next/swc-linux-x64-musl'
868 silly reify ]
869 verbose reify failed optional dependency /Users/gauravsahu/fe_workspace/academics-pro/node_modules/@next/swc-linux-x64-gnu
870 silly reify mark deleted [
870 silly reify   '/Users/gauravsahu/fe_workspace/academics-pro/node_modules/@next/swc-linux-x64-gnu'
870 silly reify ]
871 verbose reify failed optional dependency /Users/gauravsahu/fe_workspace/academics-pro/node_modules/@next/swc-linux-arm64-musl
872 silly reify mark deleted [
872 silly reify   '/Users/gauravsahu/fe_workspace/academics-pro/node_modules/@next/swc-linux-arm64-musl'
872 silly reify ]
873 verbose reify failed optional dependency /Users/gauravsahu/fe_workspace/academics-pro/node_modules/@next/swc-linux-arm64-gnu
874 silly reify mark deleted [
874 silly reify   '/Users/gauravsahu/fe_workspace/academics-pro/node_modules/@next/swc-linux-arm64-gnu'
874 silly reify ]
875 verbose reify failed optional dependency /Users/gauravsahu/fe_workspace/academics-pro/node_modules/@next/swc-darwin-x64
876 silly reify mark deleted [
876 silly reify   '/Users/gauravsahu/fe_workspace/academics-pro/node_modules/@next/swc-darwin-x64'
876 silly reify ]
877 http cache is-number@https://registry.npmjs.org/is-number/-/is-number-7.0.0.tgz 0ms (cache hit)
878 http cache thenify@https://registry.npmjs.org/thenify/-/thenify-3.3.1.tgz 0ms (cache hit)
879 http cache any-promise@https://registry.npmjs.org/any-promise/-/any-promise-1.3.0.tgz 0ms (cache hit)
880 http cache escalade@https://registry.npmjs.org/escalade/-/escalade-3.2.0.tgz 0ms (cache hit)
881 http cache object-assign@https://registry.npmjs.org/object-assign/-/object-assign-4.1.1.tgz 0ms (cache hit)
882 http cache thenify-all@https://registry.npmjs.org/thenify-all/-/thenify-all-1.6.0.tgz 0ms (cache hit)
883 http cache @jridgewell/resolve-uri@https://registry.npmjs.org/@jridgewell/resolve-uri/-/resolve-uri-3.1.2.tgz 0ms (cache hit)
884 http cache tinyglobby@https://registry.npmjs.org/tinyglobby/-/tinyglobby-0.2.17.tgz 0ms (cache hit)
885 http cache ts-interface-checker@https://registry.npmjs.org/ts-interface-checker/-/ts-interface-checker-0.1.13.tgz 0ms (cache hit)
886 http cache @jridgewell/sourcemap-codec@https://registry.npmjs.org/@jridgewell/sourcemap-codec/-/sourcemap-codec-1.6.0.tgz 0ms (cache hit)
887 http cache commander@https://registry.npmjs.org/commander/-/commander-4.1.1.tgz 0ms (cache hit)
888 http cache mz@https://registry.npmjs.org/mz/-/mz-2.7.0.tgz 0ms (cache hit)
889 http cache pirates@https://registry.npmjs.org/pirates/-/pirates-4.0.7.tgz 0ms (cache hit)
890 http cache lines-and-columns@https://registry.npmjs.org/lines-and-columns/-/lines-and-columns-1.2.4.tgz 0ms (cache hit)
891 http cache queue-microtask@https://registry.npmjs.org/queue-microtask/-/queue-microtask-1.2.3.tgz 0ms (cache hit)
892 http cache @jridgewell/gen-mapping@https://registry.npmjs.org/@jridgewell/gen-mapping/-/gen-mapping-0.3.13.tgz 0ms (cache hit)
893 http cache @jridgewell/trace-mapping@https://registry.npmjs.org/@jridgewell/trace-mapping/-/trace-mapping-0.3.31.tgz 0ms (cache hit)
894 http cache function-bind@https://registry.npmjs.org/function-bind/-/function-bind-1.1.2.tgz 0ms (cache hit)
895 http cache supports-preserve-symlinks-flag@https://registry.npmjs.org/supports-preserve-symlinks-flag/-/supports-preserve-symlinks-flag-1.0.0.tgz 0ms (cache hit)
896 http cache hasown@https://registry.npmjs.org/hasown/-/hasown-2.0.4.tgz 0ms (cache hit)
897 http cache es-errors@https://registry.npmjs.org/es-errors/-/es-errors-1.3.0.tgz 0ms (cache hit)
898 http cache path-parse@https://registry.npmjs.org/path-parse/-/path-parse-1.0.7.tgz 0ms (cache hit)
899 http cache read-cache@https://registry.npmjs.org/read-cache/-/read-cache-1.0.2.tgz 0ms (cache hit)
900 http cache is-core-module@https://registry.npmjs.org/is-core-module/-/is-core-module-2.17.0.tgz 0ms (cache hit)
901 http cache camelcase-css@https://registry.npmjs.org/camelcase-css/-/camelcase-css-2.0.1.tgz 0ms (cache hit)
902 http cache util-deprecate@https://registry.npmjs.org/util-deprecate/-/util-deprecate-1.0.2.tgz 0ms (cache hit)
903 http cache is-extglob@https://registry.npmjs.org/is-extglob/-/is-extglob-2.1.1.tgz 0ms (cache hit)
904 http cache cssesc@https://registry.npmjs.org/cssesc/-/cssesc-3.0.0.tgz 0ms (cache hit)
905 http cache fastq@https://registry.npmjs.org/fastq/-/fastq-1.20.3.tgz 0ms (cache hit)
906 http cache to-regex-range@https://registry.npmjs.org/to-regex-range/-/to-regex-range-5.0.1.tgz 0ms (cache hit)
907 http cache binary-extensions@https://registry.npmjs.org/binary-extensions/-/binary-extensions-2.3.0.tgz 0ms (cache hit)
908 http cache run-parallel@https://registry.npmjs.org/run-parallel/-/run-parallel-1.2.0.tgz 0ms (cache hit)
909 http cache reusify@https://registry.npmjs.org/reusify/-/reusify-1.1.0.tgz 0ms (cache hit)
910 http cache @nodelib/fs.walk@https://registry.npmjs.org/@nodelib/fs.walk/-/fs.walk-1.2.8.tgz 0ms (cache hit)
911 http cache @nodelib/fs.scandir@https://registry.npmjs.org/@nodelib/fs.scandir/-/fs.scandir-2.1.5.tgz 0ms (cache hit)
912 http cache @nodelib/fs.stat@https://registry.npmjs.org/@nodelib/fs.stat/-/fs.stat-2.0.5.tgz 0ms (cache hit)
913 http cache merge2@https://registry.npmjs.org/merge2/-/merge2-1.4.1.tgz 0ms (cache hit)
914 http cache fill-range@https://registry.npmjs.org/fill-range/-/fill-range-7.1.1.tgz 0ms (cache hit)
915 http cache readdirp@https://registry.npmjs.org/readdirp/-/readdirp-3.6.0.tgz 0ms (cache hit)
916 http cache picomatch@https://registry.npmjs.org/picomatch/-/picomatch-2.3.2.tgz 0ms (cache hit)
917 http cache is-binary-path@https://registry.npmjs.org/is-binary-path/-/is-binary-path-2.1.0.tgz 0ms (cache hit)
918 http cache sucrase@https://registry.npmjs.org/sucrase/-/sucrase-3.35.1.tgz 0ms (cache hit)
919 http cache anymatch@https://registry.npmjs.org/anymatch/-/anymatch-3.1.3.tgz 0ms (cache hit)
920 http cache fsevents@https://registry.npmjs.org/fsevents/-/fsevents-2.3.3.tgz 0ms (cache hit)
921 http cache resolve@https://registry.npmjs.org/resolve/-/resolve-1.22.13.tgz 0ms (cache hit)
922 http cache postcss-nested@https://registry.npmjs.org/postcss-nested/-/postcss-nested-6.2.0.tgz 0ms (cache hit)
923 http cache postcss-selector-parser@https://registry.npmjs.org/postcss-selector-parser/-/postcss-selector-parser-6.1.4.tgz 0ms (cache hit)
924 http cache postcss-import@https://registry.npmjs.org/postcss-import/-/postcss-import-15.1.0.tgz 0ms (cache hit)
925 http cache postcss-load-config@https://registry.npmjs.org/postcss-load-config/-/postcss-load-config-6.0.1.tgz 0ms (cache hit)
926 http cache normalize-path@https://registry.npmjs.org/normalize-path/-/normalize-path-3.0.0.tgz 0ms (cache hit)
927 http cache braces@https://registry.npmjs.org/braces/-/braces-3.0.3.tgz 0ms (cache hit)
928 http cache jiti@https://registry.npmjs.org/jiti/-/jiti-1.21.7.tgz 0ms (cache hit)
929 http cache fast-glob@https://registry.npmjs.org/fast-glob/-/fast-glob-3.3.3.tgz 0ms (cache hit)
930 http cache glob-parent@https://registry.npmjs.org/glob-parent/-/glob-parent-6.0.2.tgz 0ms (cache hit)
931 http cache dlv@https://registry.npmjs.org/dlv/-/dlv-1.1.3.tgz 0ms (cache hit)
932 http cache postcss-js@https://registry.npmjs.org/postcss-js/-/postcss-js-4.1.0.tgz 0ms (cache hit)
933 http cache didyoumean@https://registry.npmjs.org/didyoumean/-/didyoumean-1.2.2.tgz 0ms (cache hit)
934 http cache @alloc/quick-lru@https://registry.npmjs.org/@alloc/quick-lru/-/quick-lru-5.3.0.tgz 0ms (cache hit)
935 http cache arg@https://registry.npmjs.org/arg/-/arg-5.0.2.tgz 0ms (cache hit)
936 http cache client-only@https://registry.npmjs.org/client-only/-/client-only-0.0.1.tgz 0ms (cache hit)
937 http cache chokidar@https://registry.npmjs.org/chokidar/-/chokidar-3.6.0.tgz 0ms (cache hit)
938 http cache object-hash@https://registry.npmjs.org/object-hash/-/object-hash-3.0.0.tgz 0ms (cache hit)
939 http cache is-glob@https://registry.npmjs.org/is-glob/-/is-glob-4.0.3.tgz 0ms (cache hit)
940 http cache semver@https://registry.npmjs.org/semver/-/semver-7.8.5.tgz 0ms (cache hit)
941 http cache detect-libc@https://registry.npmjs.org/detect-libc/-/detect-libc-2.1.2.tgz 0ms (cache hit)
942 http cache @emnapi/runtime@https://registry.npmjs.org/@emnapi/runtime/-/runtime-1.11.3.tgz 0ms (cache hit)
943 http cache @img/sharp-wasm32@https://registry.npmjs.org/@img/sharp-wasm32/-/sharp-wasm32-0.35.5.tgz 0ms (cache hit)
944 http cache @img/sharp-darwin-arm64@https://registry.npmjs.org/@img/sharp-darwin-arm64/-/sharp-darwin-arm64-0.35.5.tgz 0ms (cache hit)
945 http cache source-map-js@https://registry.npmjs.org/source-map-js/-/source-map-js-1.2.2.tgz 0ms (cache hit)
946 http cache @img/sharp-libvips-darwin-arm64@https://registry.npmjs.org/@img/sharp-libvips-darwin-arm64/-/sharp-libvips-darwin-arm64-1.3.4.tgz 0ms (cache hit)
947 http cache tslib@https://registry.npmjs.org/tslib/-/tslib-2.8.1.tgz 0ms (cache hit)
948 http cache @img/colour@https://registry.npmjs.org/@img/colour/-/colour-1.1.0.tgz 0ms (cache hit)
949 http cache styled-jsx@https://registry.npmjs.org/styled-jsx/-/styled-jsx-5.1.6.tgz 0ms (cache hit)
950 http cache lilconfig@https://registry.npmjs.org/lilconfig/-/lilconfig-3.1.3.tgz 0ms (cache hit)
951 http cache sharp@https://registry.npmjs.org/sharp/-/sharp-0.35.5.tgz 0ms (cache hit)
952 http cache @swc/helpers@https://registry.npmjs.org/@swc/helpers/-/helpers-0.5.15.tgz 0ms (cache hit)
953 http cache nanoid@https://registry.npmjs.org/nanoid/-/nanoid-3.3.20.tgz 0ms (cache hit)
954 http cache update-browserslist-db@https://registry.npmjs.org/update-browserslist-db/-/update-browserslist-db-1.3.4.tgz 0ms (cache hit)
955 http cache electron-to-chromium@https://registry.npmjs.org/electron-to-chromium/-/electron-to-chromium-1.5.452.tgz 0ms (cache hit)
956 http cache @next/swc-darwin-arm64@https://registry.npmjs.org/@next/swc-darwin-arm64/-/swc-darwin-arm64-15.5.27.tgz 0ms (cache hit)
957 http cache scheduler@https://registry.npmjs.org/scheduler/-/scheduler-0.28.0.tgz 0ms (cache hit)
958 http cache postcss-value-parser@https://registry.npmjs.org/postcss-value-parser/-/postcss-value-parser-4.2.0.tgz 0ms (cache hit)
959 http cache micromatch@https://registry.npmjs.org/micromatch/-/micromatch-4.0.8.tgz 0ms (cache hit)
960 http cache baseline-browser-mapping@https://registry.npmjs.org/baseline-browser-mapping/-/baseline-browser-mapping-2.11.28.tgz 0ms (cache hit)
961 http cache node-releases@https://registry.npmjs.org/node-releases/-/node-releases-2.0.58.tgz 0ms (cache hit)
962 http cache browserslist@https://registry.npmjs.org/browserslist/-/browserslist-4.29.3.tgz 0ms (cache hit)
963 http cache @next/env@https://registry.npmjs.org/@next/env/-/env-15.5.27.tgz 0ms (cache hit)
964 http cache csstype@https://registry.npmjs.org/csstype/-/csstype-3.2.3.tgz 0ms (cache hit)
965 http cache undici-types@https://registry.npmjs.org/undici-types/-/undici-types-6.21.0.tgz 0ms (cache hit)
966 http cache caniuse-lite@https://registry.npmjs.org/caniuse-lite/-/caniuse-lite-1.0.30001815.tgz 0ms (cache hit)
967 http cache fraction.js@https://registry.npmjs.org/fraction.js/-/fraction.js-5.3.4.tgz 0ms (cache hit)
968 http cache tailwindcss@https://registry.npmjs.org/tailwindcss/-/tailwindcss-3.4.19.tgz 0ms (cache hit)
969 http cache picocolors@https://registry.npmjs.org/picocolors/-/picocolors-1.1.1.tgz 0ms (cache hit)
970 http cache zod@https://registry.npmjs.org/zod/-/zod-3.25.76.tgz 0ms (cache hit)
971 http cache tailwind-merge@https://registry.npmjs.org/tailwind-merge/-/tailwind-merge-3.7.0.tgz 0ms (cache hit)
972 http cache lucide-react@https://registry.npmjs.org/lucide-react/-/lucide-react-0.475.0.tgz 0ms (cache hit)
973 http cache next@https://registry.npmjs.org/next/-/next-15.5.27.tgz 0ms (cache hit)
974 http cache postcss@https://registry.npmjs.org/postcss/-/postcss-8.5.29.tgz 0ms (cache hit)
975 http cache clsx@https://registry.npmjs.org/clsx/-/clsx-2.1.1.tgz 0ms (cache hit)
976 http cache autoprefixer@https://registry.npmjs.org/autoprefixer/-/autoprefixer-10.6.1.tgz 0ms (cache hit)
977 http cache react-dom@https://registry.npmjs.org/react-dom/-/react-dom-19.3.0.tgz 0ms (cache hit)
978 http cache @types/react-dom@https://registry.npmjs.org/@types/react-dom/-/react-dom-19.3.0.tgz 0ms (cache hit)
979 http cache react@https://registry.npmjs.org/react/-/react-19.3.0.tgz 0ms (cache hit)
980 http cache @types/node@https://registry.npmjs.org/@types/node/-/node-22.20.5.tgz 0ms (cache hit)
981 http cache @types/react@https://registry.npmjs.org/@types/react/-/react-19.3.0.tgz 0ms (cache hit)
982 http cache react-hook-form@https://registry.npmjs.org/react-hook-form/-/react-hook-form-7.89.0.tgz 0ms (cache hit)
983 http cache @hookform/resolvers@https://registry.npmjs.org/@hookform/resolvers/-/resolvers-3.10.0.tgz 0ms (cache hit)
984 http cache picomatch@https://registry.npmjs.org/picomatch/-/picomatch-4.0.7.tgz 0ms (cache hit)
985 silly tarball no local data for is-number@https://registry.npmjs.org/is-number/-/is-number-7.0.0.tgz. Extracting by manifest.
986 http cache glob-parent@https://registry.npmjs.org/glob-parent/-/glob-parent-5.1.2.tgz 0ms (cache hit)
987 silly tarball no local data for thenify@https://registry.npmjs.org/thenify/-/thenify-3.3.1.tgz. Extracting by manifest.
988 silly tarball no local data for any-promise@https://registry.npmjs.org/any-promise/-/any-promise-1.3.0.tgz. Extracting by manifest.
989 silly tarball no local data for escalade@https://registry.npmjs.org/escalade/-/escalade-3.2.0.tgz. Extracting by manifest.
990 silly tarball no local data for object-assign@https://registry.npmjs.org/object-assign/-/object-assign-4.1.1.tgz. Extracting by manifest.
991 silly tarball no local data for thenify-all@https://registry.npmjs.org/thenify-all/-/thenify-all-1.6.0.tgz. Extracting by manifest.
992 silly tarball no local data for @jridgewell/resolve-uri@https://registry.npmjs.org/@jridgewell/resolve-uri/-/resolve-uri-3.1.2.tgz. Extracting by manifest.
993 silly tarball no local data for tinyglobby@https://registry.npmjs.org/tinyglobby/-/tinyglobby-0.2.17.tgz. Extracting by manifest.
994 http cache typescript@https://registry.npmjs.org/typescript/-/typescript-5.9.3.tgz 0ms (cache hit)
995 silly tarball no local data for ts-interface-checker@https://registry.npmjs.org/ts-interface-checker/-/ts-interface-checker-0.1.13.tgz. Extracting by manifest.
996 silly tarball no local data for @jridgewell/sourcemap-codec@https://registry.npmjs.org/@jridgewell/sourcemap-codec/-/sourcemap-codec-1.6.0.tgz. Extracting by manifest.
997 silly tarball no local data for commander@https://registry.npmjs.org/commander/-/commander-4.1.1.tgz. Extracting by manifest.
998 silly tarball no local data for mz@https://registry.npmjs.org/mz/-/mz-2.7.0.tgz. Extracting by manifest.
999 silly tarball no local data for pirates@https://registry.npmjs.org/pirates/-/pirates-4.0.7.tgz. Extracting by manifest.
1000 silly tarball no local data for lines-and-columns@https://registry.npmjs.org/lines-and-columns/-/lines-and-columns-1.2.4.tgz. Extracting by manifest.
1001 silly tarball no local data for queue-microtask@https://registry.npmjs.org/queue-microtask/-/queue-microtask-1.2.3.tgz. Extracting by manifest.
1002 http cache fdir@https://registry.npmjs.org/fdir/-/fdir-6.5.0.tgz 0ms (cache hit)
1003 silly tarball no local data for @jridgewell/gen-mapping@https://registry.npmjs.org/@jridgewell/gen-mapping/-/gen-mapping-0.3.13.tgz. Extracting by manifest.
1004 http cache glob-parent@https://registry.npmjs.org/glob-parent/-/glob-parent-5.1.2.tgz 0ms (cache hit)
1005 silly tarball no local data for @jridgewell/trace-mapping@https://registry.npmjs.org/@jridgewell/trace-mapping/-/trace-mapping-0.3.31.tgz. Extracting by manifest.
1006 silly tarball no local data for function-bind@https://registry.npmjs.org/function-bind/-/function-bind-1.1.2.tgz. Extracting by manifest.
1007 silly tarball no local data for supports-preserve-symlinks-flag@https://registry.npmjs.org/supports-preserve-symlinks-flag/-/supports-preserve-symlinks-flag-1.0.0.tgz. Extracting by manifest.
1008 silly tarball no local data for hasown@https://registry.npmjs.org/hasown/-/hasown-2.0.4.tgz. Extracting by manifest.
1009 silly tarball no local data for es-errors@https://registry.npmjs.org/es-errors/-/es-errors-1.3.0.tgz. Extracting by manifest.
1010 silly tarball no local data for path-parse@https://registry.npmjs.org/path-parse/-/path-parse-1.0.7.tgz. Extracting by manifest.
1011 silly tarball no local data for read-cache@https://registry.npmjs.org/read-cache/-/read-cache-1.0.2.tgz. Extracting by manifest.
1012 silly tarball no local data for is-core-module@https://registry.npmjs.org/is-core-module/-/is-core-module-2.17.0.tgz. Extracting by manifest.
1013 http cache postcss@https://registry.npmjs.org/postcss/-/postcss-8.4.31.tgz 0ms (cache hit)
1014 silly tarball no local data for camelcase-css@https://registry.npmjs.org/camelcase-css/-/camelcase-css-2.0.1.tgz. Extracting by manifest.
1015 silly tarball no local data for util-deprecate@https://registry.npmjs.org/util-deprecate/-/util-deprecate-1.0.2.tgz. Extracting by manifest.
1016 silly tarball no local data for is-extglob@https://registry.npmjs.org/is-extglob/-/is-extglob-2.1.1.tgz. Extracting by manifest.
1017 silly tarball no local data for cssesc@https://registry.npmjs.org/cssesc/-/cssesc-3.0.0.tgz. Extracting by manifest.
1018 silly tarball no local data for fastq@https://registry.npmjs.org/fastq/-/fastq-1.20.3.tgz. Extracting by manifest.
1019 silly tarball no local data for to-regex-range@https://registry.npmjs.org/to-regex-range/-/to-regex-range-5.0.1.tgz. Extracting by manifest.
1020 silly tarball no local data for binary-extensions@https://registry.npmjs.org/binary-extensions/-/binary-extensions-2.3.0.tgz. Extracting by manifest.
1021 silly tarball no local data for run-parallel@https://registry.npmjs.org/run-parallel/-/run-parallel-1.2.0.tgz. Extracting by manifest.
1022 silly tarball no local data for reusify@https://registry.npmjs.org/reusify/-/reusify-1.1.0.tgz. Extracting by manifest.
1023 silly tarball no local data for @nodelib/fs.walk@https://registry.npmjs.org/@nodelib/fs.walk/-/fs.walk-1.2.8.tgz. Extracting by manifest.
1024 silly tarball no local data for @nodelib/fs.scandir@https://registry.npmjs.org/@nodelib/fs.scandir/-/fs.scandir-2.1.5.tgz. Extracting by manifest.
1025 silly tarball no local data for @nodelib/fs.stat@https://registry.npmjs.org/@nodelib/fs.stat/-/fs.stat-2.0.5.tgz. Extracting by manifest.
1026 silly tarball no local data for merge2@https://registry.npmjs.org/merge2/-/merge2-1.4.1.tgz. Extracting by manifest.
1027 silly tarball no local data for fill-range@https://registry.npmjs.org/fill-range/-/fill-range-7.1.1.tgz. Extracting by manifest.
1028 silly tarball no local data for readdirp@https://registry.npmjs.org/readdirp/-/readdirp-3.6.0.tgz. Extracting by manifest.
1029 silly tarball no local data for picomatch@https://registry.npmjs.org/picomatch/-/picomatch-2.3.2.tgz. Extracting by manifest.
1030 silly tarball no local data for is-binary-path@https://registry.npmjs.org/is-binary-path/-/is-binary-path-2.1.0.tgz. Extracting by manifest.
1031 silly tarball no local data for sucrase@https://registry.npmjs.org/sucrase/-/sucrase-3.35.1.tgz. Extracting by manifest.
1032 silly tarball no local data for anymatch@https://registry.npmjs.org/anymatch/-/anymatch-3.1.3.tgz. Extracting by manifest.
1033 silly tarball no local data for fsevents@https://registry.npmjs.org/fsevents/-/fsevents-2.3.3.tgz. Extracting by manifest.
1034 silly tarball no local data for resolve@https://registry.npmjs.org/resolve/-/resolve-1.22.13.tgz. Extracting by manifest.
1035 silly tarball no local data for postcss-nested@https://registry.npmjs.org/postcss-nested/-/postcss-nested-6.2.0.tgz. Extracting by manifest.
1036 silly tarball no local data for postcss-selector-parser@https://registry.npmjs.org/postcss-selector-parser/-/postcss-selector-parser-6.1.4.tgz. Extracting by manifest.
1037 silly tarball no local data for postcss-import@https://registry.npmjs.org/postcss-import/-/postcss-import-15.1.0.tgz. Extracting by manifest.
1038 silly tarball no local data for postcss-load-config@https://registry.npmjs.org/postcss-load-config/-/postcss-load-config-6.0.1.tgz. Extracting by manifest.
1039 silly tarball no local data for normalize-path@https://registry.npmjs.org/normalize-path/-/normalize-path-3.0.0.tgz. Extracting by manifest.
1040 silly tarball no local data for braces@https://registry.npmjs.org/braces/-/braces-3.0.3.tgz. Extracting by manifest.
1041 silly tarball no local data for jiti@https://registry.npmjs.org/jiti/-/jiti-1.21.7.tgz. Extracting by manifest.
1042 silly tarball no local data for fast-glob@https://registry.npmjs.org/fast-glob/-/fast-glob-3.3.3.tgz. Extracting by manifest.
1043 silly tarball no local data for glob-parent@https://registry.npmjs.org/glob-parent/-/glob-parent-6.0.2.tgz. Extracting by manifest.
1044 silly tarball no local data for postcss-js@https://registry.npmjs.org/postcss-js/-/postcss-js-4.1.0.tgz. Extracting by manifest.
1045 silly tarball no local data for dlv@https://registry.npmjs.org/dlv/-/dlv-1.1.3.tgz. Extracting by manifest.
1046 silly tarball no local data for didyoumean@https://registry.npmjs.org/didyoumean/-/didyoumean-1.2.2.tgz. Extracting by manifest.
1047 silly tarball no local data for @alloc/quick-lru@https://registry.npmjs.org/@alloc/quick-lru/-/quick-lru-5.3.0.tgz. Extracting by manifest.
1048 silly tarball no local data for arg@https://registry.npmjs.org/arg/-/arg-5.0.2.tgz. Extracting by manifest.
1049 silly tarball no local data for client-only@https://registry.npmjs.org/client-only/-/client-only-0.0.1.tgz. Extracting by manifest.
1050 silly tarball no local data for chokidar@https://registry.npmjs.org/chokidar/-/chokidar-3.6.0.tgz. Extracting by manifest.
1051 silly tarball no local data for object-hash@https://registry.npmjs.org/object-hash/-/object-hash-3.0.0.tgz. Extracting by manifest.
1052 silly tarball no local data for is-glob@https://registry.npmjs.org/is-glob/-/is-glob-4.0.3.tgz. Extracting by manifest.
1053 silly tarball no local data for semver@https://registry.npmjs.org/semver/-/semver-7.8.5.tgz. Extracting by manifest.
1054 silly tarball no local data for detect-libc@https://registry.npmjs.org/detect-libc/-/detect-libc-2.1.2.tgz. Extracting by manifest.
1055 silly tarball no local data for @emnapi/runtime@https://registry.npmjs.org/@emnapi/runtime/-/runtime-1.11.3.tgz. Extracting by manifest.
1056 silly tarball no local data for @img/sharp-wasm32@https://registry.npmjs.org/@img/sharp-wasm32/-/sharp-wasm32-0.35.5.tgz. Extracting by manifest.
1057 silly tarball no local data for @img/sharp-darwin-arm64@https://registry.npmjs.org/@img/sharp-darwin-arm64/-/sharp-darwin-arm64-0.35.5.tgz. Extracting by manifest.
1058 silly tarball no local data for source-map-js@https://registry.npmjs.org/source-map-js/-/source-map-js-1.2.2.tgz. Extracting by manifest.
1059 silly tarball no local data for @img/sharp-libvips-darwin-arm64@https://registry.npmjs.org/@img/sharp-libvips-darwin-arm64/-/sharp-libvips-darwin-arm64-1.3.4.tgz. Extracting by manifest.
1060 silly tarball no local data for tslib@https://registry.npmjs.org/tslib/-/tslib-2.8.1.tgz. Extracting by manifest.
1061 silly tarball no local data for @img/colour@https://registry.npmjs.org/@img/colour/-/colour-1.1.0.tgz. Extracting by manifest.
1062 silly tarball no local data for styled-jsx@https://registry.npmjs.org/styled-jsx/-/styled-jsx-5.1.6.tgz. Extracting by manifest.
1063 silly tarball no local data for lilconfig@https://registry.npmjs.org/lilconfig/-/lilconfig-3.1.3.tgz. Extracting by manifest.
1064 silly tarball no local data for sharp@https://registry.npmjs.org/sharp/-/sharp-0.35.5.tgz. Extracting by manifest.
1065 silly tarball no local data for @swc/helpers@https://registry.npmjs.org/@swc/helpers/-/helpers-0.5.15.tgz. Extracting by manifest.
1066 silly tarball no local data for nanoid@https://registry.npmjs.org/nanoid/-/nanoid-3.3.20.tgz. Extracting by manifest.
1067 silly tarball no local data for update-browserslist-db@https://registry.npmjs.org/update-browserslist-db/-/update-browserslist-db-1.3.4.tgz. Extracting by manifest.
1068 silly tarball no local data for electron-to-chromium@https://registry.npmjs.org/electron-to-chromium/-/electron-to-chromium-1.5.452.tgz. Extracting by manifest.
1069 silly tarball no local data for @next/swc-darwin-arm64@https://registry.npmjs.org/@next/swc-darwin-arm64/-/swc-darwin-arm64-15.5.27.tgz. Extracting by manifest.
1070 silly tarball no local data for scheduler@https://registry.npmjs.org/scheduler/-/scheduler-0.28.0.tgz. Extracting by manifest.
1071 silly tarball no local data for postcss-value-parser@https://registry.npmjs.org/postcss-value-parser/-/postcss-value-parser-4.2.0.tgz. Extracting by manifest.
1072 silly tarball no local data for micromatch@https://registry.npmjs.org/micromatch/-/micromatch-4.0.8.tgz. Extracting by manifest.
1073 silly tarball no local data for baseline-browser-mapping@https://registry.npmjs.org/baseline-browser-mapping/-/baseline-browser-mapping-2.11.28.tgz. Extracting by manifest.
1074 silly tarball no local data for node-releases@https://registry.npmjs.org/node-releases/-/node-releases-2.0.58.tgz. Extracting by manifest.
1075 silly tarball no local data for browserslist@https://registry.npmjs.org/browserslist/-/browserslist-4.29.3.tgz. Extracting by manifest.
1076 silly tarball no local data for @next/env@https://registry.npmjs.org/@next/env/-/env-15.5.27.tgz. Extracting by manifest.
1077 silly tarball no local data for csstype@https://registry.npmjs.org/csstype/-/csstype-3.2.3.tgz. Extracting by manifest.
1078 silly tarball no local data for undici-types@https://registry.npmjs.org/undici-types/-/undici-types-6.21.0.tgz. Extracting by manifest.
1079 silly tarball no local data for caniuse-lite@https://registry.npmjs.org/caniuse-lite/-/caniuse-lite-1.0.30001815.tgz. Extracting by manifest.
1080 silly tarball no local data for fraction.js@https://registry.npmjs.org/fraction.js/-/fraction.js-5.3.4.tgz. Extracting by manifest.
1081 silly tarball no local data for tailwindcss@https://registry.npmjs.org/tailwindcss/-/tailwindcss-3.4.19.tgz. Extracting by manifest.
1082 silly tarball no local data for picocolors@https://registry.npmjs.org/picocolors/-/picocolors-1.1.1.tgz. Extracting by manifest.
1083 silly tarball no local data for zod@https://registry.npmjs.org/zod/-/zod-3.25.76.tgz. Extracting by manifest.
1084 silly tarball no local data for tailwind-merge@https://registry.npmjs.org/tailwind-merge/-/tailwind-merge-3.7.0.tgz. Extracting by manifest.
1085 silly tarball no local data for lucide-react@https://registry.npmjs.org/lucide-react/-/lucide-react-0.475.0.tgz. Extracting by manifest.
1086 silly tarball no local data for next@https://registry.npmjs.org/next/-/next-15.5.27.tgz. Extracting by manifest.
1087 silly tarball no local data for postcss@https://registry.npmjs.org/postcss/-/postcss-8.5.29.tgz. Extracting by manifest.
1088 silly tarball no local data for clsx@https://registry.npmjs.org/clsx/-/clsx-2.1.1.tgz. Extracting by manifest.
1089 silly tarball no local data for autoprefixer@https://registry.npmjs.org/autoprefixer/-/autoprefixer-10.6.1.tgz. Extracting by manifest.
1090 silly tarball no local data for react-dom@https://registry.npmjs.org/react-dom/-/react-dom-19.3.0.tgz. Extracting by manifest.
1091 silly tarball no local data for @types/react-dom@https://registry.npmjs.org/@types/react-dom/-/react-dom-19.3.0.tgz. Extracting by manifest.
1092 silly tarball no local data for react@https://registry.npmjs.org/react/-/react-19.3.0.tgz. Extracting by manifest.
1093 silly tarball no local data for @types/node@https://registry.npmjs.org/@types/node/-/node-22.20.5.tgz. Extracting by manifest.
1094 silly tarball no local data for @types/react@https://registry.npmjs.org/@types/react/-/react-19.3.0.tgz. Extracting by manifest.
1095 silly tarball no local data for react-hook-form@https://registry.npmjs.org/react-hook-form/-/react-hook-form-7.89.0.tgz. Extracting by manifest.
1096 silly tarball no local data for @hookform/resolvers@https://registry.npmjs.org/@hookform/resolvers/-/resolvers-3.10.0.tgz. Extracting by manifest.
1097 silly tarball no local data for picomatch@https://registry.npmjs.org/picomatch/-/picomatch-4.0.7.tgz. Extracting by manifest.
1098 silly tarball no local data for glob-parent@https://registry.npmjs.org/glob-parent/-/glob-parent-5.1.2.tgz. Extracting by manifest.
1099 silly tarball no local data for typescript@https://registry.npmjs.org/typescript/-/typescript-5.9.3.tgz. Extracting by manifest.
1100 silly tarball no local data for fdir@https://registry.npmjs.org/fdir/-/fdir-6.5.0.tgz. Extracting by manifest.
1101 silly tarball no local data for glob-parent@https://registry.npmjs.org/glob-parent/-/glob-parent-5.1.2.tgz. Extracting by manifest.
1102 silly tarball no local data for postcss@https://registry.npmjs.org/postcss/-/postcss-8.4.31.tgz. Extracting by manifest.
1103 http fetch GET 200 https://registry.npmjs.org/escalade/-/escalade-3.2.0.tgz 75ms (cache miss)
1104 http fetch GET 200 https://registry.npmjs.org/is-number/-/is-number-7.0.0.tgz 78ms (cache miss)
1105 http fetch GET 200 https://registry.npmjs.org/any-promise/-/any-promise-1.3.0.tgz 79ms (cache miss)
1106 http fetch GET 200 https://registry.npmjs.org/@jridgewell/resolve-uri/-/resolve-uri-3.1.2.tgz 77ms (cache miss)
1107 http fetch GET 200 https://registry.npmjs.org/object-assign/-/object-assign-4.1.1.tgz 78ms (cache miss)
1108 http fetch GET 200 https://registry.npmjs.org/tinyglobby/-/tinyglobby-0.2.17.tgz 79ms (cache miss)
1109 http fetch GET 200 https://registry.npmjs.org/thenify-all/-/thenify-all-1.6.0.tgz 81ms (cache miss)
1110 http fetch GET 200 https://registry.npmjs.org/thenify/-/thenify-3.3.1.tgz 84ms (cache miss)
1111 http fetch GET 200 https://registry.npmjs.org/queue-microtask/-/queue-microtask-1.2.3.tgz 83ms (cache miss)
1112 http fetch GET 200 https://registry.npmjs.org/@jridgewell/sourcemap-codec/-/sourcemap-codec-1.6.0.tgz 91ms (cache miss)
1113 http fetch GET 200 https://registry.npmjs.org/ts-interface-checker/-/ts-interface-checker-0.1.13.tgz 94ms (cache miss)
1114 http fetch GET 200 https://registry.npmjs.org/es-errors/-/es-errors-1.3.0.tgz 93ms (cache miss)
1115 http fetch GET 200 https://registry.npmjs.org/supports-preserve-symlinks-flag/-/supports-preserve-symlinks-flag-1.0.0.tgz 131ms (cache miss)
1116 http fetch GET 200 https://registry.npmjs.org/hasown/-/hasown-2.0.4.tgz 131ms (cache miss)
1117 http fetch GET 200 https://registry.npmjs.org/function-bind/-/function-bind-1.1.2.tgz 161ms (cache miss)
1118 http fetch GET 200 https://registry.npmjs.org/path-parse/-/path-parse-1.0.7.tgz 160ms (cache miss)
1119 http fetch GET 200 https://registry.npmjs.org/read-cache/-/read-cache-1.0.2.tgz 160ms (cache miss)
1120 http fetch GET 200 https://registry.npmjs.org/util-deprecate/-/util-deprecate-1.0.2.tgz 159ms (cache miss)
1121 http fetch GET 200 https://registry.npmjs.org/is-core-module/-/is-core-module-2.17.0.tgz 160ms (cache miss)
1122 http fetch GET 200 https://registry.npmjs.org/camelcase-css/-/camelcase-css-2.0.1.tgz 160ms (cache miss)
1123 http fetch GET 200 https://registry.npmjs.org/is-extglob/-/is-extglob-2.1.1.tgz 161ms (cache miss)
1124 http fetch GET 200 https://registry.npmjs.org/mz/-/mz-2.7.0.tgz 169ms (cache miss)
1125 http fetch GET 200 https://registry.npmjs.org/@jridgewell/gen-mapping/-/gen-mapping-0.3.13.tgz 169ms (cache miss)
1126 http fetch GET 200 https://registry.npmjs.org/@jridgewell/trace-mapping/-/trace-mapping-0.3.31.tgz 171ms (cache miss)
1127 http fetch GET 200 https://registry.npmjs.org/reusify/-/reusify-1.1.0.tgz 175ms (cache miss)
1128 http fetch GET 200 https://registry.npmjs.org/lines-and-columns/-/lines-and-columns-1.2.4.tgz 182ms (cache miss)
1129 http fetch GET 200 https://registry.npmjs.org/cssesc/-/cssesc-3.0.0.tgz 179ms (cache miss)
1130 http fetch GET 200 https://registry.npmjs.org/pirates/-/pirates-4.0.7.tgz 183ms (cache miss)
1131 http fetch GET 200 https://registry.npmjs.org/to-regex-range/-/to-regex-range-5.0.1.tgz 192ms (cache miss)
1132 http fetch GET 200 https://registry.npmjs.org/commander/-/commander-4.1.1.tgz 196ms (cache miss)
1133 http fetch GET 200 https://registry.npmjs.org/binary-extensions/-/binary-extensions-2.3.0.tgz 192ms (cache miss)
1134 http fetch GET 200 https://registry.npmjs.org/@nodelib/fs.stat/-/fs.stat-2.0.5.tgz 199ms (cache miss)
1135 http fetch GET 200 https://registry.npmjs.org/merge2/-/merge2-1.4.1.tgz 198ms (cache miss)
1136 http fetch GET 200 https://registry.npmjs.org/fill-range/-/fill-range-7.1.1.tgz 199ms (cache miss)
1137 http fetch GET 200 https://registry.npmjs.org/fastq/-/fastq-1.20.3.tgz 202ms (cache miss)
1138 http fetch GET 200 https://registry.npmjs.org/run-parallel/-/run-parallel-1.2.0.tgz 203ms (cache miss)
1139 http fetch GET 200 https://registry.npmjs.org/@nodelib/fs.scandir/-/fs.scandir-2.1.5.tgz 202ms (cache miss)
1140 http fetch GET 200 https://registry.npmjs.org/readdirp/-/readdirp-3.6.0.tgz 201ms (cache miss)
1141 http fetch GET 200 https://registry.npmjs.org/picomatch/-/picomatch-2.3.2.tgz 223ms (cache miss)
1142 http fetch GET 200 https://registry.npmjs.org/anymatch/-/anymatch-3.1.3.tgz 243ms (cache miss)
1143 http fetch GET 200 https://registry.npmjs.org/is-binary-path/-/is-binary-path-2.1.0.tgz 243ms (cache miss)
1144 http fetch GET 200 https://registry.npmjs.org/braces/-/braces-3.0.3.tgz 242ms (cache miss)
1145 http fetch GET 200 https://registry.npmjs.org/postcss-nested/-/postcss-nested-6.2.0.tgz 243ms (cache miss)
1146 http fetch GET 200 https://registry.npmjs.org/postcss-import/-/postcss-import-15.1.0.tgz 243ms (cache miss)
1147 http fetch GET 200 https://registry.npmjs.org/postcss-load-config/-/postcss-load-config-6.0.1.tgz 243ms (cache miss)
1148 http fetch GET 200 https://registry.npmjs.org/@nodelib/fs.walk/-/fs.walk-1.2.8.tgz 248ms (cache miss)
1149 http fetch GET 200 https://registry.npmjs.org/fsevents/-/fsevents-2.3.3.tgz 244ms (cache miss)
1150 http fetch POST 200 https://registry.npmjs.org/-/npm/v1/security/advisories/bulk 284ms
1151 silly audit report {
1151 silly audit report   postcss: [
1151 silly audit report     {
1151 silly audit report       id: 1130709,
1151 silly audit report       url: 'https://github.com/advisories/GHSA-fxqj-rqcc-2cmp',
1151 silly audit report       title: 'PostCSS: incomplete fix of GHSA-6g55-p6wh-862q — attacker-controlled sourceMappingURL reads arbitrary .map files when `from` is unset',
1151 silly audit report       severity: 'moderate',
1151 silly audit report       vulnerable_versions: '<=8.5.22',
1151 silly audit report       cwe: [Array],
1151 silly audit report       cvss: [Object]
1151 silly audit report     },
1151 silly audit report     {
1151 silly audit report       id: 1117015,
1151 silly audit report       url: 'https://github.com/advisories/GHSA-qx2v-qp2m-jg93',
1151 silly audit report       title: 'PostCSS has XSS via Unescaped </style> in its CSS Stringify Output',
1151 silly audit report       severity: 'moderate',
1151 silly audit report       vulnerable_versions: '<8.5.10',
1151 silly audit report       cwe: [Array],
1151 silly audit report       cvss: [Object]
1151 silly audit report     },
1151 silly audit report     {
1151 silly audit report       id: 1124252,
1151 silly audit report       url: 'https://github.com/advisories/GHSA-6g55-p6wh-862q',
1151 silly audit report       title: 'PostCSS: Arbitrary file read and information disclosure via attacker-controlled sourceMappingURL in CSS comments',
1151 silly audit report       severity: 'high',
1151 silly audit report       vulnerable_versions: '<=8.5.11',
1151 silly audit report       cwe: [Array],
1151 silly audit report       cvss: [Object]
1151 silly audit report     },
1151 silly audit report     {
1151 silly audit report       id: 1139510,
1151 silly audit report       url: 'https://github.com/advisories/GHSA-r28c-9q8g-f849',
1151 silly audit report       title: 'PostCSS: Path Traversal in Previous Source Map Auto-Loading (sourceMappingURL) leads to Arbitrary .map File Disclosure',
1151 silly audit report       severity: 'high',
1151 silly audit report       vulnerable_versions: '<=8.5.17',
1151 silly audit report       cwe: [Array],
1151 silly audit report       cvss: [Object]
1151 silly audit report     }
1151 silly audit report   ],
1151 silly audit report   'postcss-selector-parser': [
1151 silly audit report     {
1151 silly audit report       id: 1241232,
1151 silly audit report       url: 'https://github.com/advisories/GHSA-rj75-hqrm-r3gf',
1151 silly audit report       title: 'PostCSS: Quadratic complexity in flat selector parsing allows CPU exhaustion',
1151 silly audit report       severity: 'moderate',
1151 silly audit report       vulnerable_versions: '<7.1.6',
1151 silly audit report       cwe: [Array],
1151 silly audit report       cvss: [Object]
1151 silly audit report     }
1151 silly audit report   ],
1151 silly audit report   braces: [
1151 silly audit report     {
1151 silly audit report       id: 1240992,
1151 silly audit report       url: 'https://github.com/advisories/GHSA-vfj7-8cjw-p6xm',
1151 silly audit report       title: 'braces vulnerable to stack-exhaustion denial of service through deeply nested patterns',
1151 silly audit report       severity: 'high',
1151 silly audit report       vulnerable_versions: '<=3.0.3',
1151 silly audit report       cwe: [Array],
1151 silly audit report       cvss: [Object]
1151 silly audit report     }
1151 silly audit report   ]
1151 silly audit report }
1152 silly packumentCache corgi:https://registry.npmjs.org/postcss cache-miss
1153 silly packumentCache corgi:https://registry.npmjs.org/postcss-selector-parser cache-miss
1154 silly packumentCache corgi:https://registry.npmjs.org/braces cache-miss
1155 http fetch GET 200 https://registry.npmjs.org/normalize-path/-/normalize-path-3.0.0.tgz 261ms (cache miss)
1156 http fetch GET 200 https://registry.npmjs.org/object-hash/-/object-hash-3.0.0.tgz 270ms (cache miss)
1157 http fetch GET 200 https://registry.npmjs.org/chokidar/-/chokidar-3.6.0.tgz 271ms (cache miss)
1158 http fetch GET 200 https://registry.npmjs.org/arg/-/arg-5.0.2.tgz 275ms (cache miss)
1159 http fetch GET 200 https://registry.npmjs.org/didyoumean/-/didyoumean-1.2.2.tgz 278ms (cache miss)
1160 http fetch GET 200 https://registry.npmjs.org/@alloc/quick-lru/-/quick-lru-5.3.0.tgz 278ms (cache miss)
1161 http fetch GET 200 https://registry.npmjs.org/dlv/-/dlv-1.1.3.tgz 280ms (cache miss)
1162 http fetch GET 200 https://registry.npmjs.org/is-glob/-/is-glob-4.0.3.tgz 279ms (cache miss)
1163 http fetch GET 200 https://registry.npmjs.org/glob-parent/-/glob-parent-6.0.2.tgz 282ms (cache miss)
1164 http fetch GET 200 https://registry.npmjs.org/client-only/-/client-only-0.0.1.tgz 281ms (cache miss)
1165 http fetch GET 200 https://registry.npmjs.org/postcss-js/-/postcss-js-4.1.0.tgz 282ms (cache miss)
1166 http fetch GET 200 https://registry.npmjs.org/postcss-selector-parser/-/postcss-selector-parser-6.1.4.tgz 285ms (cache miss)
1167 http fetch GET 200 https://registry.npmjs.org/detect-libc/-/detect-libc-2.1.2.tgz 303ms (cache miss)
1168 http fetch GET 200 https://registry.npmjs.org/fast-glob/-/fast-glob-3.3.3.tgz 306ms (cache miss)
1169 http fetch GET 200 https://registry.npmjs.org/jiti/-/jiti-1.21.7.tgz 310ms (cache miss)
1170 http fetch GET 200 https://registry.npmjs.org/source-map-js/-/source-map-js-1.2.2.tgz 321ms (cache miss)
1171 http fetch GET 200 https://registry.npmjs.org/semver/-/semver-7.8.5.tgz 322ms (cache miss)
1172 http fetch GET 200 https://registry.npmjs.org/@emnapi/runtime/-/runtime-1.11.3.tgz 321ms (cache miss)
1173 http fetch GET 200 https://registry.npmjs.org/nanoid/-/nanoid-3.3.20.tgz 321ms (cache miss)
1174 http fetch GET 200 https://registry.npmjs.org/lilconfig/-/lilconfig-3.1.3.tgz 322ms (cache miss)
1175 http fetch GET 200 https://registry.npmjs.org/resolve/-/resolve-1.22.13.tgz 345ms (cache miss)
1176 http fetch GET 200 https://registry.npmjs.org/sucrase/-/sucrase-3.35.1.tgz 355ms (cache miss)
1177 http fetch GET 200 https://registry.npmjs.org/tslib/-/tslib-2.8.1.tgz 366ms (cache miss)
1178 http fetch GET 200 https://registry.npmjs.org/@img/colour/-/colour-1.1.0.tgz 369ms (cache miss)
1179 http fetch GET 200 https://registry.npmjs.org/postcss-value-parser/-/postcss-value-parser-4.2.0.tgz 368ms (cache miss)
1180 http fetch GET 200 https://registry.npmjs.org/update-browserslist-db/-/update-browserslist-db-1.3.4.tgz 369ms (cache miss)
1181 http fetch GET 200 https://registry.npmjs.org/scheduler/-/scheduler-0.28.0.tgz 369ms (cache miss)
1182 http fetch GET 200 https://registry.npmjs.org/micromatch/-/micromatch-4.0.8.tgz 374ms (cache miss)
1183 http fetch GET 200 https://registry.npmjs.org/electron-to-chromium/-/electron-to-chromium-1.5.452.tgz 376ms (cache miss)
1184 http fetch GET 200 https://registry.npmjs.org/node-releases/-/node-releases-2.0.58.tgz 385ms (cache miss)
1185 http fetch GET 200 https://registry.npmjs.org/baseline-browser-mapping/-/baseline-browser-mapping-2.11.28.tgz 414ms (cache miss)
1186 http fetch GET 200 https://registry.npmjs.org/@next/env/-/env-15.5.27.tgz 426ms (cache miss)
1187 http fetch GET 200 https://registry.npmjs.org/browserslist/-/browserslist-4.29.3.tgz 426ms (cache miss)
1188 http fetch GET 200 https://registry.npmjs.org/undici-types/-/undici-types-6.21.0.tgz 427ms (cache miss)
1189 http fetch GET 200 https://registry.npmjs.org/fraction.js/-/fraction.js-5.3.4.tgz 438ms (cache miss)
1190 http fetch GET 200 https://registry.npmjs.org/picocolors/-/picocolors-1.1.1.tgz 439ms (cache miss)
1191 http fetch GET 200 https://registry.npmjs.org/@img/sharp-darwin-arm64/-/sharp-darwin-arm64-0.35.5.tgz 446ms (cache miss)
1192 http fetch GET 200 https://registry.npmjs.org/sharp/-/sharp-0.35.5.tgz 469ms (cache miss)
1193 http fetch GET 200 https://registry.npmjs.org/clsx/-/clsx-2.1.1.tgz 500ms (cache miss)
1194 http fetch GET 200 https://registry.npmjs.org/styled-jsx/-/styled-jsx-5.1.6.tgz 508ms (cache miss)
1195 http fetch GET 200 https://registry.npmjs.org/csstype/-/csstype-3.2.3.tgz 513ms (cache miss)
1196 http fetch GET 200 https://registry.npmjs.org/postcss/-/postcss-8.5.29.tgz 532ms (cache miss)
1197 http fetch GET 200 https://registry.npmjs.org/autoprefixer/-/autoprefixer-10.6.1.tgz 540ms (cache miss)
1198 http fetch GET 200 https://registry.npmjs.org/react/-/react-19.3.0.tgz 562ms (cache miss)
1199 http fetch GET 200 https://registry.npmjs.org/tailwind-merge/-/tailwind-merge-3.7.0.tgz 582ms (cache miss)
1200 http fetch GET 200 https://registry.npmjs.org/@swc/helpers/-/helpers-0.5.15.tgz 597ms (cache miss)
1201 http fetch GET 200 https://registry.npmjs.org/@types/react/-/react-19.3.0.tgz 619ms (cache miss)
1202 http fetch GET 200 https://registry.npmjs.org/glob-parent/-/glob-parent-5.1.2.tgz 791ms (cache miss)
1203 http fetch GET 200 https://registry.npmjs.org/picomatch/-/picomatch-4.0.7.tgz 825ms (cache miss)
1204 http fetch GET 200 https://registry.npmjs.org/caniuse-lite/-/caniuse-lite-1.0.30001815.tgz 871ms (cache miss)
1205 http fetch GET 200 https://registry.npmjs.org/glob-parent/-/glob-parent-5.1.2.tgz 978ms (cache miss)
1206 http fetch GET 200 https://registry.npmjs.org/@types/react-dom/-/react-dom-19.3.0.tgz 990ms (cache miss)
1207 http fetch GET 200 https://registry.npmjs.org/@hookform/resolvers/-/resolvers-3.10.0.tgz 1045ms (cache miss)
1208 http fetch GET 200 https://registry.npmjs.org/postcss-selector-parser 802ms (cache miss)
1209 silly packumentCache corgi:https://registry.npmjs.org/postcss-selector-parser set size:undefined disposed:false
1210 http fetch GET 200 https://registry.npmjs.org/braces 830ms (cache miss)
1211 silly packumentCache corgi:https://registry.npmjs.org/braces set size:undefined disposed:false
1212 http fetch GET 200 https://registry.npmjs.org/postcss/-/postcss-8.4.31.tgz 1074ms (cache miss)
1213 http fetch GET 200 https://registry.npmjs.org/fdir/-/fdir-6.5.0.tgz 1236ms (cache miss)
1214 http fetch GET 200 https://registry.npmjs.org/react-hook-form/-/react-hook-form-7.89.0.tgz 1333ms (cache miss)
1215 http fetch GET 200 https://registry.npmjs.org/postcss 1101ms (cache miss)
1216 silly packumentCache corgi:https://registry.npmjs.org/postcss set size:undefined disposed:false
1217 silly packumentCache corgi:https://registry.npmjs.org/next cache-miss
1218 http fetch GET 200 https://registry.npmjs.org/@types/node/-/node-22.20.5.tgz 1419ms (cache miss)
1219 http fetch GET 200 https://registry.npmjs.org/tailwindcss/-/tailwindcss-3.4.19.tgz 1580ms (cache miss)
1220 http fetch GET 200 https://registry.npmjs.org/zod/-/zod-3.25.76.tgz 1754ms (cache miss)
1221 http fetch GET 200 https://registry.npmjs.org/react-dom/-/react-dom-19.3.0.tgz 2104ms (cache miss)
1222 http fetch GET 200 https://registry.npmjs.org/next 952ms (cache miss)
1223 silly packumentCache corgi:https://registry.npmjs.org/next set size:undefined disposed:false
1224 silly packumentCache corgi:https://registry.npmjs.org/tailwindcss cache-miss
1225 silly packumentCache corgi:https://registry.npmjs.org/postcss-nested cache-miss
1226 http fetch GET 200 https://registry.npmjs.org/@img/sharp-wasm32/-/sharp-wasm32-0.35.5.tgz 2562ms (cache miss)
1227 http fetch GET 200 https://registry.npmjs.org/postcss-nested 61ms (cache miss)
1228 silly packumentCache corgi:https://registry.npmjs.org/postcss-nested set size:undefined disposed:false
1229 http fetch GET 200 https://registry.npmjs.org/typescript/-/typescript-5.9.3.tgz 2663ms (cache miss)
1230 http fetch GET 200 https://registry.npmjs.org/lucide-react/-/lucide-react-0.475.0.tgz 2689ms (cache miss)
1231 http fetch GET 200 https://registry.npmjs.org/tailwindcss 222ms (cache miss)
1232 silly packumentCache corgi:https://registry.npmjs.org/tailwindcss set size:undefined disposed:false
1233 silly packumentCache corgi:https://registry.npmjs.org/chokidar cache-miss
1234 silly packumentCache corgi:https://registry.npmjs.org/micromatch cache-miss
1235 http fetch GET 200 https://registry.npmjs.org/micromatch 27ms (cache miss)
1236 silly packumentCache corgi:https://registry.npmjs.org/micromatch set size:undefined disposed:false
1237 http fetch GET 200 https://registry.npmjs.org/chokidar 30ms (cache miss)
1238 silly packumentCache corgi:https://registry.npmjs.org/chokidar set size:undefined disposed:false
1239 silly packumentCache corgi:https://registry.npmjs.org/fast-glob cache-miss
1240 http fetch GET 200 https://registry.npmjs.org/fast-glob 322ms (cache miss)
1241 silly packumentCache corgi:https://registry.npmjs.org/fast-glob set size:undefined disposed:false
1242 http fetch GET 200 https://registry.npmjs.org/@img/sharp-libvips-darwin-arm64/-/sharp-libvips-darwin-arm64-1.3.4.tgz 4055ms (cache miss)
1243 http fetch GET 200 https://registry.npmjs.org/next/-/next-15.5.27.tgz 7734ms (cache miss)
1244 http fetch GET 200 https://registry.npmjs.org/@next/swc-darwin-arm64/-/swc-darwin-arm64-15.5.27.tgz 8568ms (cache miss)
1245 info run fsevents@2.3.3 install node_modules/fsevents node-gyp rebuild
1246 info run fsevents@2.3.3 install { code: 1, signal: null }
1247 verbose reify failed optional dependency /Users/gauravsahu/fe_workspace/academics-pro/node_modules/fsevents
1248 silly reify mark deleted [
1248 silly reify   '/Users/gauravsahu/fe_workspace/academics-pro/node_modules/fsevents'
1248 silly reify ]
1249 silly ADD node_modules/escalade
1250 silly ADD node_modules/is-number
1251 silly ADD node_modules/thenify
1252 silly ADD node_modules/thenify-all
1253 silly ADD node_modules/object-assign
1254 silly ADD node_modules/any-promise
1255 silly ADD node_modules/@jridgewell/resolve-uri
1256 silly ADD node_modules/@jridgewell/trace-mapping
1257 silly ADD node_modules/@jridgewell/sourcemap-codec
1258 silly ADD node_modules/ts-interface-checker
1259 silly ADD node_modules/tinyglobby
1260 silly ADD node_modules/tinyglobby/node_modules/picomatch
1261 silly ADD node_modules/tinyglobby/node_modules/fdir
1262 silly ADD node_modules/pirates
1263 silly ADD node_modules/mz
1264 silly ADD node_modules/lines-and-columns
1265 silly ADD node_modules/commander
1266 silly ADD node_modules/@jridgewell/gen-mapping
1267 silly ADD node_modules/queue-microtask
1268 silly ADD node_modules/function-bind
1269 silly ADD node_modules/hasown
1270 silly ADD node_modules/supports-preserve-symlinks-flag
1271 silly ADD node_modules/path-parse
1272 silly ADD node_modules/is-core-module
1273 silly ADD node_modules/es-errors
1274 silly ADD node_modules/util-deprecate
1275 silly ADD node_modules/cssesc
1276 silly ADD node_modules/camelcase-css
1277 silly ADD node_modules/read-cache
1278 silly ADD node_modules/is-extglob
1279 silly ADD node_modules/binary-extensions
1280 silly ADD node_modules/to-regex-range
1281 silly ADD node_modules/reusify
1282 silly ADD node_modules/run-parallel
1283 silly ADD node_modules/fastq
1284 silly ADD node_modules/@nodelib/fs.scandir
1285 silly ADD node_modules/merge2
1286 silly ADD node_modules/@nodelib/fs.walk
1287 silly ADD node_modules/@nodelib/fs.stat
1288 silly ADD node_modules/fill-range
1289 silly ADD node_modules/picomatch
1290 silly ADD node_modules/readdirp
1291 silly ADD node_modules/is-binary-path
1292 silly ADD
1293 silly ADD node_modules/braces
1294 silly ADD node_modules/anymatch
1295 silly ADD node_modules/sucrase
1296 silly ADD node_modules/resolve
1297 silly ADD node_modules/postcss-selector-parser
1298 silly ADD node_modules/postcss-nested
1299 silly ADD node_modules/postcss-load-config
1300 silly ADD node_modules/postcss-js
1301 silly ADD node_modules/postcss-import
1302 silly ADD node_modules/object-hash
1303 silly ADD node_modules/normalize-path
1304 silly ADD node_modules/micromatch
1305 silly ADD node_modules/lilconfig
1306 silly ADD node_modules/jiti
1307 silly ADD node_modules/is-glob
1308 silly ADD node_modules/glob-parent
1309 silly ADD node_modules/fast-glob
1310 silly ADD node_modules/fast-glob/node_modules/glob-parent
1311 silly ADD node_modules/dlv
1312 silly ADD node_modules/didyoumean
1313 silly ADD node_modules/chokidar
1314 silly ADD node_modules/chokidar/node_modules/glob-parent
1315 silly ADD node_modules/arg
1316 silly ADD node_modules/@alloc/quick-lru
1317 silly ADD node_modules/client-only
1318 silly ADD node_modules/@emnapi/runtime
1319 silly ADD node_modules/@img/sharp-wasm32
1320 silly ADD node_modules/semver
1321 silly ADD node_modules/detect-libc
1322 silly ADD
1323 silly ADD
1324 silly ADD
1325 silly ADD
1326 silly ADD
1327 silly ADD
1328 silly ADD
1329 silly ADD
1330 silly ADD
1331 silly ADD
1332 silly ADD
1333 silly ADD
1334 silly ADD
1335 silly ADD
1336 silly ADD
1337 silly ADD
1338 silly ADD
1339 silly ADD
1340 silly ADD
1341 silly ADD
1342 silly ADD
1343 silly ADD node_modules/@img/sharp-libvips-darwin-arm64
1344 silly ADD
1345 silly ADD
1346 silly ADD node_modules/@img/sharp-darwin-arm64
1347 silly ADD node_modules/@img/colour
1348 silly ADD node_modules/scheduler
1349 silly ADD node_modules/source-map-js
1350 silly ADD node_modules/nanoid
1351 silly ADD node_modules/tslib
1352 silly ADD node_modules/styled-jsx
1353 silly ADD node_modules/sharp
1354 silly ADD node_modules/@swc/helpers
1355 silly ADD
1356 silly ADD
1357 silly ADD
1358 silly ADD
1359 silly ADD
1360 silly ADD
1361 silly ADD
1362 silly ADD node_modules/@next/swc-darwin-arm64
1363 silly ADD node_modules/@next/env
1364 silly ADD node_modules/update-browserslist-db
1365 silly ADD node_modules/node-releases
1366 silly ADD node_modules/electron-to-chromium
1367 silly ADD node_modules/baseline-browser-mapping
1368 silly ADD node_modules/postcss-value-parser
1369 silly ADD node_modules/picocolors
1370 silly ADD node_modules/fraction.js
1371 silly ADD node_modules/caniuse-lite
1372 silly ADD node_modules/browserslist
1373 silly ADD node_modules/csstype
1374 silly ADD node_modules/undici-types
1375 silly ADD node_modules/zod
1376 silly ADD node_modules/typescript
1377 silly ADD node_modules/tailwindcss
1378 silly ADD node_modules/tailwind-merge
1379 silly ADD node_modules/react-dom
1380 silly ADD node_modules/next
1381 silly ADD node_modules/next/node_modules/postcss
1382 silly ADD node_modules/lucide-react
1383 silly ADD node_modules/clsx
1384 silly ADD node_modules/postcss
1385 silly ADD node_modules/autoprefixer
1386 silly ADD node_modules/@types/react-dom
1387 silly ADD node_modules/@types/react
1388 silly ADD node_modules/@types/node
1389 silly ADD node_modules/react
1390 silly ADD node_modules/react-hook-form
1391 silly ADD node_modules/@hookform/resolvers
1392 verbose cwd /Users/gauravsahu/fe_workspace/academics-pro
1393 verbose os Darwin 25.6.0
1394 verbose node v22.22.0
1395 verbose npm  v10.9.4
1396 verbose exit 0
1397 info ok
